FileName,FullPath
A1203427_crop_nik_adj.jpg,Keepers/A1203427_crop_nik_adj.jpg
A1203452_crop_nik_adj.jpg,Keepers/A1203452_crop_nik_adj.jpg
A1203460_crop_nik_adj.jpg,Keepers/A1203460_crop_nik_adj.jpg
A1203509_crop_nik_adj.jpg,Keepers/A1203509_crop_nik_adj.jpg
A1203538_crop_nik_adj.jpg,Keepers/A1203538_crop_nik_adj.jpg
A1203569_crop_nik_adj.jpg,Keepers/A1203569_crop_nik_adj.jpg
DSC02974_crop_adj.jpg,Keepers/DSC02974_crop_adj.jpg
A1203314_crop_nik_adj.jpg,Keepers/A1203314_crop_nik_adj.jpg
A1203371_crop_nik_adj.jpg,Keepers/A1203371_crop_nik_adj.jpg
DSC01202_crop_adj.jpg,Keepers/DSC01202_crop_adj.jpg
DSC01462_crop_adj.jpg,Keepers/DSC01462_crop_adj.jpg
A1204444_crop_nik_adj.jpg,Keepers/A1204444_crop_nik_adj.jpg
A1204521_crop_nik_adj.jpg,Keepers/A1204521_crop_nik_adj.jpg
DSC01245_crop_adj.jpg,Keepers/DSC01245_crop_adj.jpg
DSC01598_crop_adj.jpg,Keepers/DSC01598_crop_adj.jpg
DSC02781_crop_adj.jpg,Keepers/DSC02781_crop_adj.jpg
DSC02822_crop_adj.jpg,Keepers/DSC02822_crop_adj.jpg
DSC02858_crop_adj.jpg,Keepers/DSC02858_crop_adj.jpg
