rikishi_id,basho1_wins,basho2_wins,basho3_wins,basho4_wins,basho5_wins,basho1_losses,basho2_losses,basho3_losses,basho4_losses,basho5_losses
Abi,,,,,,,,,,
Aonishiki,,,,,,,,,,
Atamifuji,,,,,,,,,,
Chiyoshoma,,,,,,,,,,
Daieisho,,,,,,,,,,
Fujinokawa,,,,,,,,,,
Gonoyama,,,,,,,,,,
Hoshoryu,,,,,,,,,,
Ichiyamamoto,,,,,,,,,,
Kinbozan,,,,,,,,,,
Kirishima,,,,,,,,,,
Kotoshoho,,,,,,,,,,
Kotozakura,,,,,,,,,,
Meisei,,,,,,,,,,
Midorifuji,,,,,,,,,,
Mitakeumi,,,,,,,,,,
Nishikifuji,,,,,,,,,,
Oho,,,,,,,,,,
Onosato,,,,,,,,,,
Ryuden,,,,,,,,,,
Sadanoumi,,,,,,,,,,
Shishi,,,,,,,,,,
Shodai,,,,,,,,,,
Takanosho,,,,,,,,,,
Takayasu,,,,,,,,,,
Tamawashi,,,,,,,,,,
Tobizaru,,,,,,,,,,
Tokihayate,,,,,,,,,,
Tomokaze,,,,,,,,,,
Ura,,,,,,,,,,
Wakamotoharu,,,,,,,,,,
Wakatakakage,,,,,,,,,,
NA,,,,,,,,,,
