"accepted_name","genus","family","class","n_records","rank","det_conflict","lifeform","lifeform_source","gift_status","wagner_status","status_agree"
"Charpentiera obovata","Charpentiera","Amaranthaceae","Magnoliopsida",1,"species","","tree","gift-species","endemic","E",TRUE
"Charpentiera sp.","Charpentiera","Amaranthaceae","Magnoliopsida",1,"genus","","tree","gift-genus",,,
"Alyxia stellata","Alyxia","Apocynaceae","Magnoliopsida",3,"species","","shrub","gift-species","endemic","I",FALSE
"Ilex anomala","Ilex","Aquifoliaceae","Magnoliopsida",2,"species","","tree","gift-species","endemic","I",FALSE
"Cheirodendron trigynum","Cheirodendron","Araliaceae","Magnoliopsida",1,"species","","tree","gift-species","endemic","E",TRUE
"Araucaria sp.","Araucaria","Araucariaceae","Pinopsida",1,"genus","","tree","gift-genus",,"Cult",
"Dianella sandwicensis","Dianella","Asphodelaceae","Liliopsida",3,"species","","herb","gift-species","indigenous","I",TRUE
"Asplenium adiantum-nigrum","Asplenium","Aspleniaceae","Polypodiopsida",4,"species","","fern","clade","indigenous","I",TRUE
"Asplenium contiguum","Asplenium","Aspleniaceae","Polypodiopsida",1,"species","","fern","clade","indigenous","I",TRUE
"Asplenium furcatum","Asplenium","Aspleniaceae","Polypodiopsida",1,"species","","fern","clade",,"?",
"Asplenium macraei","Asplenium","Aspleniaceae","Polypodiopsida",1,"species","","fern","clade","introduced","E",FALSE
"Asplenium sp.","Asplenium","Aspleniaceae","Polypodiopsida",3,"genus","","fern","clade",,"I",
"Achillea millefolium","Achillea","Asteraceae","Magnoliopsida",1,"species","","herb","gift-species","introduced","Nat",TRUE
"Ageratina riparia","Ageratina","Asteraceae","Magnoliopsida",2,"species","","shrub","gift-genus","introduced","Nat",TRUE
"Dubautia ciliolata","Dubautia","Asteraceae","Magnoliopsida",1,"species","","shrub","gift-species","endemic","E",TRUE
"Hypochaeris radicata","Hypochaeris","Asteraceae","Magnoliopsida",2,"species","conflict","herb","gift-species","introduced","Nat",TRUE
"Leucanthemum vulgare","Leucanthemum","Asteraceae","Magnoliopsida",1,"species","","herb","gift-species","introduced","Nat",TRUE
"Pluchea carolinensis","Pluchea","Asteraceae","Magnoliopsida",1,"species","","shrub","gift-species","introduced","Nat",TRUE
"Youngia japonica","Youngia","Asteraceae","Magnoliopsida",2,"species","","herb","gift-species","introduced","Nat",TRUE
"Diplazium sandwichianum","Diplazium","Athyriaceae","Polypodiopsida",2,"species","","fern","clade","endemic","E",TRUE
"Corylus cornuta","Corylus","Betulaceae","Magnoliopsida",1,"species","conflict","tree","gift-genus",,"Cult",
"Sadleria pallida","Sadleria","Blechnaceae","Polypodiopsida",1,"species","","fern","clade",,,
"Cynoglossum amabile","Cynoglossum","Boraginaceae","Magnoliopsida",3,"species","","herb","gift-species","introduced","Nat",TRUE
"Brassica sp.","Brassica","Brassicaceae","Magnoliopsida",1,"genus","","herb","gift-genus",,"Nat",
"Cardamine occulta","Cardamine","Brassicaceae","Magnoliopsida",1,"species","conflict","herb","gift-species",,,
"Clermontia hawaiiensis","Clermontia","Campanulaceae","Magnoliopsida",1,"species","","shrub","gift-genus","endemic","E",TRUE
"Clermontia parviflora","Clermontia","Campanulaceae","Magnoliopsida",1,"species","","shrub","gift-genus","endemic","E",TRUE
"Cyanea floribunda","Cyanea","Campanulaceae","Magnoliopsida",1,"species","","shrub","gift-genus","indigenous","E",FALSE
"Cerastium holosteoides","Cerastium","Caryophyllaceae","Magnoliopsida",1,"species","conflict","herb","gift-species",,,
"Cibotium glaucum","Cibotium","Cibotiaceae","Polypodiopsida",1,"species","","fern","clade","indigenous","E",FALSE
"Ipomoea indica","Ipomoea","Convolvulaceae","Magnoliopsida",1,"species","","herb","gift-species","introduced","I",FALSE
"Cunninghamia lanceolata","Cunninghamia","Cupressaceae","Pinopsida",1,"species","","tree","gift-species",,"Cult",
"Cupressus arizonica","Cupressus","Cupressaceae","Pinopsida",1,"species","","tree","gift-genus",,"Cult",
"Cupressus sempervirens","Cupressus","Cupressaceae","Pinopsida",1,"species","","tree","gift-species",,"Cult",
"Sequoia sempervirens","Sequoia","Cupressaceae","Pinopsida",1,"species","","tree","gift-species",,"Cult",
"Bulbostylis capillaris","Bulbostylis","Cyperaceae","Liliopsida",1,"species","","graminoid","clade","introduced","Nat",TRUE
"Cyperus brevifolius","Cyperus","Cyperaceae","Liliopsida",1,"species","","graminoid","clade","introduced","Nat",TRUE
"Cyperus hillebrandii","Cyperus","Cyperaceae","Liliopsida",1,"species","","graminoid","clade","endemic","E",TRUE
"Morelotia affinis","Morelotia","Cyperaceae","Liliopsida",1,"species","","graminoid","clade",,"I",
"Microlepia setosa","Microlepia","Dennstaedtiaceae","Polypodiopsida",1,"species","","fern","clade","indigenous",,
"Microlepia speluncae","Microlepia","Dennstaedtiaceae","Polypodiopsida",2,"species","","fern","clade","introduced","I",FALSE
"Microlepia strigosa","Microlepia","Dennstaedtiaceae","Polypodiopsida",4,"species","","fern","clade","indigenous","I",TRUE
"Pteridium aquilinum","Pteridium","Dennstaedtiaceae","Polypodiopsida",5,"species","","fern","clade","indigenous","I",TRUE
"Perrottetia sandwicensis","Perrottetia","Dipentodontaceae","Magnoliopsida",1,"species","","tree","gift-genus","endemic","E",TRUE
"Cyrtomium caryotideum","Cyrtomium","Dryopteridaceae","Polypodiopsida",3,"species","","fern","clade","indigenous","I",TRUE
"Dryopteris fuscoatra","Dryopteris","Dryopteridaceae","Polypodiopsida",1,"species","","fern","clade","indigenous","E",FALSE
"Dryopteris glabra","Dryopteris","Dryopteridaceae","Polypodiopsida",1,"species","","fern","clade","endemic","E",TRUE
"Dryopteris hawaiiensis","Dryopteris","Dryopteridaceae","Polypodiopsida",1,"species","","fern","clade","indigenous","E",FALSE
"Dryopteris wallichiana","Dryopteris","Dryopteridaceae","Polypodiopsida",3,"species","","fern","clade","indigenous","I",TRUE
"Elaphoglossum crassifolium","Elaphoglossum","Dryopteridaceae","Polypodiopsida",1,"species","","fern","clade","endemic","E",TRUE
"Elaphoglossum paleaceum","Elaphoglossum","Dryopteridaceae","Polypodiopsida",5,"species","","fern","clade",,"I",
"Elaphoglossum wawrae","Elaphoglossum","Dryopteridaceae","Polypodiopsida",1,"species","","fern","clade","endemic","E",TRUE
"Leptecophylla tameiameiae","Leptecophylla","Ericaceae","Magnoliopsida",1,"species","","tree","gift-species","indigenous",,
"Vaccinium reticulatum","Vaccinium","Ericaceae","Magnoliopsida",1,"species","","shrub","gift-species","endemic","E",TRUE
"Acacia koa","Acacia","Fabaceae","Magnoliopsida",4,"species","","tree","gift-species","endemic","E",TRUE
"Medicago lupulina","Medicago","Fabaceae","Magnoliopsida",1,"species","","herb","gift-species","introduced","Nat",TRUE
"Mimosa pudica","Mimosa","Fabaceae","Magnoliopsida",2,"species","","herb","gift-species","introduced","Nat",TRUE
"Sophora chrysophylla","Sophora","Fabaceae","Magnoliopsida",3,"species","","tree","gift-species","endemic","E",TRUE
"Trifolium repens","Trifolium","Fabaceae","Magnoliopsida",1,"species","","herb","gift-species","introduced","Nat",TRUE
"Castanea dentata","Castanea","Fagaceae","Magnoliopsida",3,"species","","tree","gift-species",,"Cult",
"Centaurium erythraea","Centaurium","Gentianaceae","Magnoliopsida",1,"species","","herb","gift-species","introduced","Nat",TRUE
"Geranium carolinianum","Geranium","Geraniaceae","Magnoliopsida",1,"species","","herb","gift-species",,"Nat",
"Cyrtandra platyphylla","Cyrtandra","Gesneriaceae","Magnoliopsida",2,"species","","shrub","gift-species","endemic","E",TRUE
"Gleichenella pectinata","Gleichenella","Gleicheniaceae","Polypodiopsida",1,"species","","fern","clade",,,
"Scaevola chamissoniana","Scaevola","Goodeniaceae","Magnoliopsida",1,"species","","shrub","gift-genus","endemic","E",TRUE
"Carya illinoinensis","Carya","Juglandaceae","Magnoliopsida",1,"species","conflict","tree","gift-species",,"Cult",
"Juglans regia","Juglans","Juglandaceae","Magnoliopsida",2,"species","","tree","gift-species",,"Cult",
"Stenogyne calaminthoides","Stenogyne","Lamiaceae","Magnoliopsida",1,"species","","herb","gift-genus","endemic","E",TRUE
"Stenogyne rotundifolia","Stenogyne","Lamiaceae","Magnoliopsida",1,"species","","herb","gift-species","endemic","E",TRUE
"Stenogyne rugosa","Stenogyne","Lamiaceae","Magnoliopsida",1,"species","","herb","gift-species","endemic","E",TRUE
"Stenogyne scrophularioides","Stenogyne","Lamiaceae","Magnoliopsida",1,"species","","herb","gift-species","endemic","E",TRUE
"Stenogyne sp.","Stenogyne","Lamiaceae","Magnoliopsida",1,"genus","","herb","gift-genus",,"E",
"Odontosoria chinensis","Odontosoria","Lindsaeaceae","Polypodiopsida",2,"species","","fern","clade","introduced",,
"Cuphea carthagenensis","Cuphea","Lythraceae","Magnoliopsida",1,"species","","herb","gift-species","introduced","Nat",TRUE
"Hibiscadelphus giffardianus","Hibiscadelphus","Malvaceae","Magnoliopsida",5,"species","","tree","gift-species","endemic","E",TRUE
"Hibiscadelphus hualalaiensis","Hibiscadelphus","Malvaceae","Magnoliopsida",3,"species","","tree","gift-species","endemic","E",TRUE
"Modiola caroliniana","Modiola","Malvaceae","Magnoliopsida",2,"species","","herb","gift-species","introduced","Nat",TRUE
"Cocculus orbiculatus","Cocculus","Menispermaceae","Magnoliopsida",2,"species","","herb","gift-species","indigenous",,
"Morella faya","Morella","Myricaceae","Magnoliopsida",1,"species","","shrub","gift-genus",,"Nat",
"Metrosideros collina","Metrosideros","Myrtaceae","Magnoliopsida",1,"species","","tree","gift-species",,,
"Metrosideros polymorpha","Metrosideros","Myrtaceae","Magnoliopsida",9,"species","","tree","gift-species","endemic","E",TRUE
"Psidium cattleianum","Psidium","Myrtaceae","Magnoliopsida",1,"species","","tree","gift-genus",,,
"Psidium guajava","Psidium","Myrtaceae","Magnoliopsida",2,"species","","tree","gift-genus","introduced","Nat",TRUE
"Nephrolepis biserrata","Nephrolepis","Nephrolepidaceae","Polypodiopsida",1,"species","","fern","clade","introduced","I",FALSE
"Nephrolepis brownii","Nephrolepis","Nephrolepidaceae","Polypodiopsida",1,"species","","fern","clade","introduced",,
"Nephrolepis cordifolia","Nephrolepis","Nephrolepidaceae","Polypodiopsida",1,"species","","fern","clade","introduced","I",FALSE
"Nephrolepis exaltata","Nephrolepis","Nephrolepidaceae","Polypodiopsida",2,"species","","fern","clade","indigenous","I",TRUE
"Nephrolepis obliterata","Nephrolepis","Nephrolepidaceae","Polypodiopsida",1,"species","","fern","clade",,,
"Nephrolepis sp.","Nephrolepis","Nephrolepidaceae","Polypodiopsida",1,"genus","","fern","clade",,"?",
"Ceodes brunoniana","Ceodes","Nyctaginaceae","Magnoliopsida",1,"species","","tree","gift-species","indigenous",,
"Ceodes umbellifera","Ceodes","Nyctaginaceae","Magnoliopsida",1,"species","","tree","gift-species","indigenous",,
"Pisonia sandwicensis","Pisonia","Nyctaginaceae","Magnoliopsida",1,"species","","tree","gift-genus",,"E",
"Nestegis sandwicensis","Nestegis","Oleaceae","Magnoliopsida",3,"species","","tree","gift-species","endemic","E",TRUE
"Ludwigia palustris","Ludwigia","Onagraceae","Magnoliopsida",1,"species","conflict","herb","gift-species","introduced","Nat",TRUE
"Freycinetia arborea","Freycinetia","Pandanaceae","Liliopsida",3,"species","","tree","gift-species","indigenous","I",TRUE
"Pinus halepensis","Pinus","Pinaceae","Pinopsida",1,"species","","tree","gift-species",,"Cult",
"Pinus patula","Pinus","Pinaceae","Pinopsida",1,"species","","tree","gift-species","introduced","Cult",TRUE
"Peperomia cookiana","Peperomia","Piperaceae","Magnoliopsida",6,"species","","herb","gift-species","endemic","E",TRUE
"Peperomia leptostachya","Peperomia","Piperaceae","Magnoliopsida",1,"species","","herb","gift-species",,,
"Peperomia tetraphylla","Peperomia","Piperaceae","Magnoliopsida",1,"species","","herb","gift-species","indigenous","I",TRUE
"Pittosporum hosmeri","Pittosporum","Pittosporaceae","Magnoliopsida",2,"species","","tree","gift-species","endemic","E",TRUE
"Pittosporum sp.","Pittosporum","Pittosporaceae","Magnoliopsida",1,"genus","","tree","gift-genus",,,
"Nuttallanthus canadensis","Nuttallanthus","Plantaginaceae","Magnoliopsida",1,"species","","herb","gift-species",,"Nat",
"Nuttallanthus texanus","Nuttallanthus","Plantaginaceae","Magnoliopsida",1,"species","","herb","gift-species","introduced",,
"Agrostis stolonifera","Agrostis","Poaceae","Liliopsida",1,"species","","graminoid","clade","introduced","Nat",TRUE
"Aira elegans","Aira","Poaceae","Liliopsida",1,"species","","graminoid","clade",,,
"Andropogon virginicus","Andropogon","Poaceae","Liliopsida",1,"species","","graminoid","clade","introduced","Nat",TRUE
"Anthoxanthum odoratum","Anthoxanthum","Poaceae","Liliopsida",1,"species","","graminoid","clade","introduced","Nat",TRUE
"Axonopus fissifolius","Axonopus","Poaceae","Liliopsida",1,"species","","graminoid","clade","introduced","Nat",TRUE
"Briza minor","Briza","Poaceae","Liliopsida",1,"species","","graminoid","clade","introduced","Nat",TRUE
"Dactylis glomerata","Dactylis","Poaceae","Liliopsida",1,"species","","graminoid","clade","introduced","Nat",TRUE
"Digitaria eriantha","Digitaria","Poaceae","Liliopsida",1,"species","","graminoid","clade","introduced","Nat",TRUE
"Digitaria violascens","Digitaria","Poaceae","Liliopsida",1,"species","","graminoid","clade","introduced","Nat",TRUE
"Festuca bromoides","Festuca","Poaceae","Liliopsida",2,"species","","graminoid","clade","introduced",,
"Lachnagrostis filiformis","Lachnagrostis","Poaceae","Liliopsida",2,"species","","graminoid","clade","introduced","Nat",TRUE
"Lolium multiflorum","Lolium","Poaceae","Liliopsida",1,"species","","graminoid","clade",,"Nat",
"Melinis minutiflora","Melinis","Poaceae","Liliopsida",3,"species","","graminoid","clade","introduced","Nat",TRUE
"Melinis repens","Melinis","Poaceae","Liliopsida",1,"species","","graminoid","clade","introduced","Nat",TRUE
"Microlaena stipoides","Microlaena","Poaceae","Liliopsida",1,"species","","graminoid","clade","introduced","Nat",TRUE
"Schizachyrium condensatum","Schizachyrium","Poaceae","Liliopsida",1,"species","","graminoid","clade","introduced","Nat",TRUE
"Schizachyrium microstachyum","Schizachyrium","Poaceae","Liliopsida",1,"species","","graminoid","clade",,"Nat",
"Setaria parviflora","Setaria","Poaceae","Liliopsida",2,"species","","graminoid","clade","introduced","Nat",TRUE
"Sporobolus indicus","Sporobolus","Poaceae","Liliopsida",1,"species","","graminoid","clade","introduced","Nat",TRUE
"Stenotaphrum secundatum","Stenotaphrum","Poaceae","Liliopsida",1,"species","","graminoid","clade","introduced","Nat",TRUE
"Persicaria punctata","Persicaria","Polygonaceae","Magnoliopsida",1,"species","","herb","gift-species","introduced","I",FALSE
"Rumex acetosella","Rumex","Polygonaceae","Magnoliopsida",2,"species","","herb","gift-species","introduced","Nat",TRUE
"Grammitis sp.","Grammitis","Polypodiaceae","Polypodiopsida",1,"genus","","fern","clade",,,
"Lepisorus thunbergianus","Lepisorus","Polypodiaceae","Polypodiopsida",2,"species","","fern","clade","indigenous","I",TRUE
"Myrsine lessertiana","Myrsine","Primulaceae","Magnoliopsida",3,"species","","tree","gift-species","endemic","E",TRUE
"Pellaea ternifolia","Pellaea","Pteridaceae","Polypodiopsida",1,"species","","fern","clade",,"I",
"Pityrogramma calomelanos","Pityrogramma","Pteridaceae","Polypodiopsida",1,"species","","fern","clade","introduced","Nat",TRUE
"Pteris cretica","Pteris","Pteridaceae","Polypodiopsida",1,"species","","fern","clade","introduced","I",FALSE
"Eriocapitella hupehensis","Eriocapitella","Ranunculaceae","Magnoliopsida",1,"species","conflict","herb","gift-species","introduced",,
"Alphitonia ponderosa","Alphitonia","Rhamnaceae","Magnoliopsida",2,"species","","tree","gift-species","endemic","E",TRUE
"Fragaria vesca","Fragaria","Rosaceae","Magnoliopsida",2,"species","","herb","gift-species","introduced","Nat",TRUE
"Pyracantha koidzumii","Pyracantha","Rosaceae","Magnoliopsida",2,"species","conflict","shrub","gift-species","introduced","Nat",TRUE
"Rubus ellipticus","Rubus","Rosaceae","Magnoliopsida",1,"species","","shrub","gift-species","introduced","Nat",TRUE
"Coprosma ernodeoides","Coprosma","Rubiaceae","Magnoliopsida",1,"species","","shrub","gift-species","endemic","E",TRUE
"Coprosma menziesii","Coprosma","Rubiaceae","Magnoliopsida",1,"species","","shrub","gift-genus","endemic","E",TRUE
"Coprosma ochracea","Coprosma","Rubiaceae","Magnoliopsida",1,"species","","shrub","gift-genus","endemic","E",TRUE
"Coprosma rhynchocarpa","Coprosma","Rubiaceae","Magnoliopsida",2,"species","","shrub","gift-genus","endemic","E",TRUE
"Coprosma sp.","Coprosma","Rubiaceae","Magnoliopsida",1,"genus","","shrub","gift-genus",,"E",
"Kadua centranthoides","Kadua","Rubiaceae","Magnoliopsida",1,"species","","shrub","gift-species","endemic","E",TRUE
"Psychotria hawaiiensis","Psychotria","Rubiaceae","Magnoliopsida",3,"species","","tree","gift-species","endemic","E",TRUE
"Melicope cinerea","Melicope","Rutaceae","Magnoliopsida",1,"species","","tree","gift-genus","endemic","E",TRUE
"Melicope pseudoanisata","Melicope","Rutaceae","Magnoliopsida",6,"species","","tree","gift-genus","endemic","E",TRUE
"Zanthoxylum dipetalum","Zanthoxylum","Rutaceae","Magnoliopsida",1,"species","","tree","gift-species","endemic","E",TRUE
"Dodonaea viscosa","Dodonaea","Sapindaceae","Magnoliopsida",4,"species","","tree","gift-species","introduced","I",FALSE
"Sapindus oahuensis","Sapindus","Sapindaceae","Magnoliopsida",1,"species","","tree","gift-species","endemic","E",TRUE
"Sapindus saponaria","Sapindus","Sapindaceae","Magnoliopsida",4,"species","","tree","gift-species","indigenous","I",TRUE
"Buddleja asiatica","Buddleja","Scrophulariaceae","Magnoliopsida",2,"species","","shrub","gift-species","introduced","Nat",TRUE
"Myoporum sandwicense","Myoporum","Scrophulariaceae","Magnoliopsida",2,"species","","tree","gift-species","indigenous","I",TRUE
"Myoporum sp.","Myoporum","Scrophulariaceae","Magnoliopsida",1,"genus","","shrub","gift-genus",,,
"Physalis peruviana","Physalis","Solanaceae","Magnoliopsida",2,"species","","herb","gift-species","introduced","Nat",TRUE
"Solanum americanum","Solanum","Solanaceae","Magnoliopsida",1,"species","","herb","gift-species","indigenous","I",TRUE
"Solanum pseudocapsicum","Solanum","Solanaceae","Magnoliopsida",1,"species","","shrub","gift-species","introduced","Nat",TRUE
"Wikstroemia sandwicensis","Wikstroemia","Thymelaeaceae","Magnoliopsida",3,"species","","shrub","gift-genus","endemic","E",TRUE
"Pipturus albidus","Pipturus","Urticaceae","Magnoliopsida",5,"species","","tree","gift-species","endemic","E",TRUE
"Stachytarpheta cayennensis","Stachytarpheta","Verbenaceae","Magnoliopsida",3,"species","","herb","gift-species","introduced",,
"Verbena litoralis","Verbena","Verbenaceae","Magnoliopsida",1,"species","","herb","gift-species","introduced","Nat",TRUE
