"key","scientificName","species","family","genus","recordedBy","collector","eventDate","year","month","day","catalogNumber","institutionCode","collectionCode","decimalLatitude","decimalLongitude"
"5912076773","Myoporum sandwicense (A.DC.) A.Gray","Myoporum sandwicense","Scrophulariaceae","Myoporum","Cliff Morden; Lahela Camara","Morden","2024-07-19",2024,7,19,"HAW55138","HAW",,19.454222,-155.294528
"5004361242","Zanthoxylum dipetalum H.Mann","Zanthoxylum dipetalum","Rutaceae","Zanthoxylum","Kiehn,M. & Pratt,M.K. MK-900211-4/2","Kiehn","2009-02-11",2009,2,11,"0140891","WU","Herbarium WU",19.43778,-155.30306
"3762874336","Psychotria hawaiiensis (A.Gray) Fosberg","Psychotria hawaiiensis","Rubiaceae","Psychotria",,,"2009-04-01",2009,4,1,"ASU0322360","ASU","Plants",19.44694,-155.30361
"3762889340","Sapindus saponaria L.","Sapindus saponaria","Sapindaceae","Sapindus",,,"2009-04-01",2009,4,1,"ASU0323260","ASU","Plants",19.44694,-155.30361
"3762890341","Nestegis sandwicensis (A.Gray) O.Deg., I.Deg. & L.A.S.Johnson","Nestegis sandwicensis","Oleaceae","Nestegis",,,"2009-04-01",2009,4,1,"ASU0319156","ASU","Plants",19.44694,-155.30361
"3762891339","Pisonia sandwicensis Hillebr.","Pisonia sandwicensis","Nyctaginaceae","Pisonia",,,"2009-04-01",2009,4,1,"ASU0319711","ASU","Plants",19.44694,-155.30361
"3762892340","Coprosma ochracea W.R.B.Oliv.","Coprosma ochracea","Rubiaceae","Coprosma",,,"2009-04-01",2009,4,1,"ASU0322359","ASU","Plants",19.44694,-155.30361
"3762893341","Ipomoea indica (Burm.) Merr.","Ipomoea indica","Convolvulaceae","Ipomoea",,,"2009-04-01",2009,4,1,"ASU0315729","ASU","Plants",19.44694,-155.30361
"3762894339","Myrsine lessertiana A.DC.","Myrsine lessertiana","Primulaceae","Myrsine",,,"2009-04-01",2009,4,1,"ASU0322211","ASU","Plants",19.44694,-155.30361
"3762895337","Nestegis sandwicensis (A.Gray) O.Deg., I.Deg. & L.A.S.Johnson","Nestegis sandwicensis","Oleaceae","Nestegis",,,"2009-04-01",2009,4,1,"ASU0319155","ASU","Plants",19.44694,-155.30361
"4167896350","Metrosideros polymorpha var. incana (H.Lév.) Skottsb.","Metrosideros polymorpha","Myrtaceae","Metrosideros","D. Percy","Percy","2003-08-21",2003,8,21,"US 3759853","US","US",19.4372,-155.303
"4167896353","Metrosideros polymorpha var. incana (H.Lév.) Skottsb.","Metrosideros polymorpha","Myrtaceae","Metrosideros","D. Percy","Percy","2003-08-19",2003,8,19,"US 3759852","US","US",19.4247,-155.293
"4167908355","Metrosideros polymorpha var. incana (H.Lév.) Skottsb.","Metrosideros polymorpha","Myrtaceae","Metrosideros","D. Percy","Percy","2003-08-21",2003,8,21,"US 3759851","US","US",19.4372,-155.303
"1830975118","Sophora chrysophylla (Salisb.) Seem.","Sophora chrysophylla","Fabaceae","Sophora","Kiehn,M. & Kiehn,M. 020402-3","Kiehn","2002-04-02",2002,4,2,"0027491","WU","Herbarium WU",19.4425,-155.31306
"1986978733","Vaccinium reticulatum Sm.","Vaccinium reticulatum","Ericaceae","Vaccinium","Sandy Long","Long","2001-02-23",2001,2,23,"UTC00239560","USU","UTC",19.437,-155.30333
"2237844457","Hypochaeris radicata L.","Hypochaeris radicata","Asteraceae","Hypochaeris","Sandy Long","Long","2001-02-23",2001,2,23,"UTC00239558","USU","UTC",19.437,-155.30333
"2237844513","Nuttallanthus canadensis (L.) D.A.Sutton","Nuttallanthus canadensis","Plantaginaceae","Nuttallanthus","Sandy Long","Long","2001-02-23",2001,2,23,"UTC00239556","USU","UTC",19.437,-155.30333
"1320620727","Pittosporum hosmeri Rock","Pittosporum hosmeri","Pittosporaceae","Pittosporum","G. Allan","Allan","1999-04-12",1999,4,12,"US 3686563","US","US",19.4411,-155.301
"1322812987","Pittosporum hosmeri Rock","Pittosporum hosmeri","Pittosporaceae","Pittosporum","G. Allan","Allan","1999-04-10",1999,4,10,"US 3686565","US","US",19.4406,-155.307
"3091201415","Styphelia tameiameiae (Cham.) F.Muell.","Leptecophylla tameiameiae","Ericaceae","Leptecophylla","C. Van Riper","Van Riper","1998-03-11",1998,3,11,"ASC00069341","ASC",,19.43761,-155.30305
"3091221582","Sapindus oahuensis Hillebr. ex Radlk.","Sapindus oahuensis","Sapindaceae","Sapindus","C. Van Riper","Van Riper","1998-03-11",1998,3,11,"ASC00069331","ASC",,19.43761,-155.30305
"3091221706","Dodonaea viscosa (L.) Jacq.","Dodonaea viscosa","Sapindaceae","Dodonaea","C. Van Riper","Van Riper","1998-03-11",1998,3,11,"ASC00069332","ASC",,19.43761,-155.30305
"3091224114","Metrosideros collina (Forst.) A.Gray","Metrosideros collina","Myrtaceae","Metrosideros","C. Van Riper","Van Riper","1998-03-11",1998,3,11,"ASC00069335","ASC",,19.43761,-155.30305
"3091254547","Cheirodendron trigynum (Gaudich.) A.Heller","Cheirodendron trigynum","Araliaceae","Cheirodendron","C. Van Riper","Van Riper","1998-03-11",1998,3,11,"ASC00069343","ASC",,19.43761,-155.30305
"3091290085","Myoporum sandwicense (A.DC.) A.Gray","Myoporum sandwicense","Scrophulariaceae","Myoporum","C. Van Riper","Van Riper","1998-03-11",1998,3,11,"ASC00069337","ASC",,19.43761,-155.30305
"4520736118","Metrosideros polymorpha var. glabrifolia (A.Heller) H.St.John","Metrosideros polymorpha","Myrtaceae","Metrosideros","John Dawson","Dawson","1997-12-03",1997,12,3,"SP110323","NMNZ","WELT",19.446198,-155.304108
"4520736929","Metrosideros polymorpha var. pumila (A.Heller) Skottsb.","Metrosideros polymorpha","Myrtaceae","Metrosideros","John Dawson","Dawson","1997-12-03",1997,12,3,"SP110324","NMNZ","WELT",19.446198,-155.304108
"4520850291","Metrosideros polymorpha var. polymorpha","Metrosideros polymorpha","Myrtaceae","Metrosideros","John Dawson","Dawson","1997-12-03",1997,12,3,"SP110343","NMNZ","WELT",19.446198,-155.304108
"4520863137","Coprosma menziesii A.Gray","Coprosma menziesii","Rubiaceae","Coprosma","John Dawson","Dawson","1997-12-03",1997,12,3,"SP102253","NMNZ","WELT",19.446198,-155.304108
"4520871324","Coprosma J.R.Forst. & G.Forst.",,"Rubiaceae","Coprosma","John Dawson","Dawson","1997-12-03",1997,12,3,"SP102255","NMNZ","WELT",19.446198,-155.304108
"1897725052","Dubautia ciliolata (DC.) D.D.Keck","Dubautia ciliolata","Asteraceae","Dubautia","A R Jamieson","Jamieson","1991-10-07",1991,10,7,"AK208721","AK","AK",19.430556,-155.283333
"1091096693","Pittosporum Gaertn.",,"Pittosporaceae","Pittosporum","Bill Sykes","Sykes","1989-03-28",1989,3,28,"CHR 464461","CHR","CHR",19.44678,-155.30437
"1091192079","Charpentiera Gaudich.",,"Amaranthaceae","Charpentiera","Bill Sykes","Sykes","1989-03-28",1989,3,28,"CHR 464462","CHR","CHR",19.44678,-155.30437
"1091269634","Alphitonia ponderosa Hillebr.","Alphitonia ponderosa","Rhamnaceae","Alphitonia","Bill Sykes","Sykes","1989-03-28",1989,3,28,"CHR 464467 A","CHR","CHR",19.44678,-155.30437
"1091324498","Nestegis sandwicensis (A.Gray) O.Deg., I.Deg. & L.A.S.Johnson","Nestegis sandwicensis","Oleaceae","Nestegis","Bill Sykes","Sykes","1989-03-28",1989,3,28,"CHR 464463","CHR","CHR",19.44678,-155.30437
"1897830007","Myrica faya (Dryand.) Aiton","Morella faya","Myricaceae","Morella","W R Sykes","Sykes","1989-03-28",1989,3,28,"AK358972","AK","AK",19.45,-155.283333
"1897831314","Pipturus albidus (Hook. & Arn.) A.Gray ex H.Mann","Pipturus albidus","Urticaceae","Pipturus","W R Sykes","Sykes","1989-03-28",1989,3,28,"AK361053","AK","AK",19.453722,-155.3005
"5069611313","Alphitonia ponderosa Hillebr.","Alphitonia ponderosa","Rhamnaceae","Alphitonia","Bill Sykes","Sykes","1989-03-28",1989,3,28,"CHR 464467 B","CHR","CHR",19.44678,-155.30437
"1929169526","Peperomia cookiana C.DC.","Peperomia cookiana","Piperaceae","Peperomia","K. H. Thorne","Thorne","1989-08-10",1989,8,10,"179994","NY","NY",19.439338,-155.305384
"2854334017","Racosperma koa (A.Gray) Pedley","Acacia koa","Fabaceae","Acacia","Maslin, B.R.","Maslin","1984-06-23",1984,6,23,"PERTH 1529870","PERTH","PERTH",19.434444,-155.281389
"2854356452","Racosperma koa (A.Gray) Pedley","Acacia koa","Fabaceae","Acacia","Maslin, B.R.","Maslin","1984-06-23",1984,6,23,"PERTH 1529862","PERTH","PERTH",19.434444,-155.281389
"2854375746","Racosperma koa (A.Gray) Pedley","Acacia koa","Fabaceae","Acacia","Maslin, B.R.","Maslin","1984-06-23",1984,6,23,"PERTH 1529846","PERTH","PERTH",19.440556,-155.308056
"2854435885","Racosperma koa (A.Gray) Pedley","Acacia koa","Fabaceae","Acacia","Maslin, B.R.","Maslin","1984-06-23",1984,6,23,"PERTH 1529854","PERTH","PERTH",19.434444,-155.281389
"34815640","Ageratina riparia (Regel) R.M.King & H.Rob.","Ageratina riparia","Asteraceae","Ageratina","Cuddihy, L.W. State ESP team","Cuddihy","1980-01-23",1980,1,23,"667287","BPBM","BISH",19.45,-155.3
"34818071","Ageratina riparia (Regel) R.M.King & H.Rob.","Ageratina riparia","Asteraceae","Ageratina","Cuddihy, L.W. State ESP team","Cuddihy","1980-01-23",1980,1,23,"656189","BPBM","BISH",19.45,-155.283
"34936151","Alyxia stellata (J.R.Forst. & G.Forst.) Roem. & Schult.","Alyxia stellata","Apocynaceae","Alyxia","Davis, J. State ESP team","Davis","1980-01-08",1980,1,8,"668206","BPBM","BISH",19.45,-155.283
"34937314","Alyxia stellata (J.R.Forst. & G.Forst.) Roem. & Schult.","Alyxia stellata","Apocynaceae","Alyxia","Davis, J. ESP team","Davis","1980-01-08",1980,1,8,"656084","BPBM","BISH",19.45,-155.283
"35636126","Buddleja asiatica Lour.","Buddleja asiatica","Scrophulariaceae","Buddleja","Cuddihy, L.W. State ESP team","Cuddihy","1980-01-08",1980,1,8,"770262","BPBM","BISH",19.45,-155.283
"35638859","Buddleja asiatica Lour.","Buddleja asiatica","Scrophulariaceae","Buddleja","Cuddihy, L.W. State ESP team","Cuddihy","1980-01-08",1980,1,8,"656651","BPBM","BISH",19.45,-155.283
"36073564","Cocculus orbiculatus (L.) DC.","Cocculus orbiculatus","Menispermaceae","Cocculus","Cuddihy, L.W. State ESP team","Cuddihy","1980-01-31",1980,1,31,"770325","BPBM","BISH",19.45,-155.283
"36144360","Coprosma rhynchocarpa A.Gray","Coprosma rhynchocarpa","Rubiaceae","Coprosma","Cuddihy, L.W. State ESP team","Cuddihy","1980-01-08",1980,1,8,"656927","BPBM","BISH",19.45,-155.283
"37266148","Ilex anomala Hook. & Arn.","Ilex anomala","Aquifoliaceae","Ilex","Cuddihy, L.W. State ESP team","Cuddihy","1980-01-04",1980,1,4,"656085","BPBM","BISH",19.45,-155.283
"37269448","Ilex anomala Hook. & Arn.","Ilex anomala","Aquifoliaceae","Ilex","Cuddihy, L.W. State ESP team","Cuddihy","1980-01-04",1980,1,4,"668214","BPBM","BISH",19.45,-155.283
"37963027","Peperomia blanda var. floribunda (Miq.) H.Huber","Peperomia leptostachya","Piperaceae","Peperomia","Cuddihy, L.W. State ESP team","Cuddihy","1980-01-29",1980,1,29,"656820","BPBM","BISH",19.45,-155.3
"38061986","Pipturus albidus (Hook. & Arn.) A.Gray","Pipturus albidus","Urticaceae","Pipturus","Davis, J. State ESP team","Davis","1980-01-08",1980,1,8,"657113","BPBM","BISH",19.45,-155.3
"38151195","Pluchea carolinensis (Jacq.) G.Don","Pluchea carolinensis","Asteraceae","Pluchea","Davis, J. State ESP team","Davis","1980-01-08",1980,1,8,"656232","BPBM","BISH",19.4333,-155.283
"38505346","Rumex acetosella L.","Rumex acetosella","Polygonaceae","Rumex","Davis, J. State ESP team","Davis","1980-01-08",1980,1,8,"770497","BPBM","BISH",19.45,-155.283
"38508669","Rumex acetosella L.","Rumex acetosella","Polygonaceae","Rumex","Davis, J. State ESP team","Davis","1980-01-08",1980,1,8,"656862","BPBM","BISH",19.45,-155.283
"38755444","Stachytarpheta australis Moldenke","Stachytarpheta cayennensis","Verbenaceae","Stachytarpheta","Cuddihy, L.W. State ESP team","Cuddihy","1980-01-08",1980,1,8,"657127","BPBM","BISH",19.45,-155.3
"38759173","Stachytarpheta australis Moldenke","Stachytarpheta cayennensis","Verbenaceae","Stachytarpheta","Cuddihy, L.W. State ESP team","Cuddihy","1980-01-08",1980,1,8,"770735","BPBM","BISH",19.45,-155.3
"39428439","Trifolium repens var. repens","Trifolium repens","Fabaceae","Trifolium","Cuddihy, L.W. State ESP team","Cuddihy","1980-01-08",1980,1,8,"770233","BPBM","BISH",19.45,-155.283
"39684819","Wikstroemia sandwicensis Meisn.","Wikstroemia sandwicensis","Thymelaeaceae","Wikstroemia","Davis, J. State ESP team","Davis","1980-01-08",1980,1,8,"657084","BPBM","BISH",19.45,-155.3
"39692222","Wikstroemia sandwicensis Meisn.","Wikstroemia sandwicensis","Thymelaeaceae","Wikstroemia","Davis, J. State ESP team","Davis","1980-01-08",1980,1,8,"657086","BPBM","BISH",19.45,-155.3
"39737698","Youngia japonica (L.) DC.","Youngia japonica","Asteraceae","Youngia","Cuddihy, L.W. State ESP team","Cuddihy","1980-01-08",1980,1,8,"667407","BPBM","BISH",19.45,-155.283
"239229791","Physalis peruviana L.","Physalis peruviana","Solanaceae","Physalis","Cuddihy, L.W. State ESP team","Cuddihy","1980-01-08",1980,1,8,"657072","BPBM","BISH",19.45,-155.3
"239229924","Physalis peruviana L.","Physalis peruviana","Solanaceae","Physalis","Davis, J. State ESP team","Davis","1980-01-08",1980,1,8,"770675","BPBM","BISH",19.45,-155.283
"1322680531","Wikstroemia sandwicensis Meisn.","Wikstroemia sandwicensis","Thymelaeaceae","Wikstroemia","J. Davis & State ESP team","Davis","1980-01-08",1980,1,8,"US 3413204","US","US",19.45,-155.3
"5956204511","Pipturus albidus (Hook. & Arn.) A.Gray","Pipturus albidus","Urticaceae","Pipturus","Davis, J.; State ESP team","Davis","1980-01-08",1980,1,8,"657113","BISH",,19.45,-155.3
"5956244223","Ageratina riparia (Regel) R.M.King & H.Rob.","Ageratina riparia","Asteraceae","Ageratina","Cuddihy, L.W.; State ESP team","Cuddihy","1980-01-23",1980,1,23,"656189","BISH",,19.45,-155.283333
"5956251042","Mimosa pudica var. unijuga (Duchass. & Walp.) Griseb.","Mimosa pudica","Fabaceae","Mimosa","Cuddihy, L.W.","Cuddihy","1980-01-01",1980,1,1,"656556","BISH",,19.433333,-155.283333
"5956255172","Ageratina riparia (Regel) R.M.King & H.Rob.","Ageratina riparia","Asteraceae","Ageratina","Cuddihy, L.W.; State ESP team","Cuddihy","1980-01-23",1980,1,23,"667287","BISH",,19.45,-155.3
"5956263971","Mimosa pudica var. unijuga (Duchass. & Walp.) Griseb.","Mimosa pudica","Fabaceae","Mimosa","Cuddihy, L.W.","Cuddihy","1980-01-01",1980,1,1,"770190","BISH",,19.433333,-155.283333
"5956290300","Alyxia stellata (J.R.Forst. & G.Forst.) Roem. & Schult.","Alyxia stellata","Apocynaceae","Alyxia","Davis, J.; ESP team","Davis","1980-01-08",1980,1,8,"656084","BISH",,19.45,-155.283333
"5956316635","Trifolium repens subsp. repens","Trifolium repens","Fabaceae","Trifolium","Cuddihy, L.W.; State ESP team","Cuddihy","1980-01-08",1980,1,8,"770233","BISH",,19.45,-155.283333
"5956317250","Buddleja asiatica Lour.","Buddleja asiatica","Scrophulariaceae","Buddleja","Cuddihy, L.W.; State ESP team","Cuddihy","1980-01-08",1980,1,8,"770262","BISH",,19.45,-155.283333
"5956335801","Ilex anomala Hook. & Arn.","Ilex anomala","Aquifoliaceae","Ilex","Cuddihy, L.W.; State ESP team","Cuddihy","1980-01-04",1980,1,4,"656085","BISH",,19.45,-155.283333
"5956338390","Youngia japonica (L.) DC.","Youngia japonica","Asteraceae","Youngia","Cuddihy, L.W.; State ESP team","Cuddihy","1980-01-08",1980,1,8,"667407","BISH",,19.45,-155.283333
"5956411532","Nephroia orbiculata (L.) L.Lian & Wei Wang","Cocculus orbiculatus","Menispermaceae","Cocculus","Cuddihy, L.W.; State ESP team","Cuddihy","1980-01-31",1980,1,31,"770325","BISH",,19.45,-155.283333
"5956433549","Pluchea carolinensis (Jacq.) G.Don","Pluchea carolinensis","Asteraceae","Pluchea","Davis, J.; State ESP team","Davis","1980-01-08",1980,1,8,"656232","BISH",,19.433333,-155.283333
"5956447797","Peperomia blanda var. floribunda (Miq.) H.Huber","Peperomia leptostachya","Piperaceae","Peperomia","Cuddihy, L.W.; State ESP team","Cuddihy","1980-01-29",1980,1,29,"656820","BISH",,19.45,-155.3
"5956490622","Coprosma rhynchocarpa A.Gray","Coprosma rhynchocarpa","Rubiaceae","Coprosma","Cuddihy, L.W.; State ESP team","Cuddihy","1980-01-08",1980,1,8,"656927","BISH",,19.45,-155.283333
"5956490673","Alyxia stellata (J.R.Forst. & G.Forst.) Roem. & Schult.","Alyxia stellata","Apocynaceae","Alyxia","Davis, J.; State ESP team","Davis","1980-01-08",1980,1,8,"668206","BISH",,19.45,-155.283333
"5956509318","Ilex anomala Hook. & Arn.","Ilex anomala","Aquifoliaceae","Ilex","Cuddihy, L.W.; State ESP team","Cuddihy","1980-01-04",1980,1,4,"668214","BISH",,19.45,-155.283333
"5956543222","Stachytarpheta australis Moldenke","Stachytarpheta cayennensis","Verbenaceae","Stachytarpheta","Cuddihy, L.W.; State ESP team","Cuddihy","1980-01-08",1980,1,8,"657127","BISH",,19.45,-155.3
"5956544473","Rumex acetosella L.","Rumex acetosella","Polygonaceae","Rumex","Davis, J.; State ESP team","Davis","1980-01-08",1980,1,8,"770497","BISH",,19.45,-155.283333
"5956553813","Wikstroemia sandwicensis Meisn.","Wikstroemia sandwicensis","Thymelaeaceae","Wikstroemia","Davis, J.; State ESP team","Davis","1980-01-08",1980,1,8,"657084","BISH",,19.45,-155.3
"5956557150","Wikstroemia sandwicensis Meisn.","Wikstroemia sandwicensis","Thymelaeaceae","Wikstroemia","Davis, J.; State ESP team","Davis","1980-01-08",1980,1,8,"657086","BISH",,19.45,-155.3
"5956560132","Buddleja asiatica Lour.","Buddleja asiatica","Scrophulariaceae","Buddleja","Cuddihy, L.W.; State ESP team","Cuddihy","1980-01-08",1980,1,8,"656651","BISH",,19.45,-155.283333
"5956567564","Rumex acetosella L.","Rumex acetosella","Polygonaceae","Rumex","Davis, J.; State ESP team","Davis","1980-01-08",1980,1,8,"656862","BISH",,19.45,-155.283333
"5956572101","Physalis peruviana L.","Physalis peruviana","Solanaceae","Physalis","Cuddihy, L.W.; State ESP team","Cuddihy","1980-01-08",1980,1,8,"657072","BISH",,19.45,-155.3
"5956634583","Stachytarpheta australis Moldenke","Stachytarpheta cayennensis","Verbenaceae","Stachytarpheta","Cuddihy, L.W.; State ESP team","Cuddihy","1980-01-08",1980,1,8,"770735","BISH",,19.45,-155.3
"5956651705","Physalis peruviana L.","Physalis peruviana","Solanaceae","Physalis","Davis, J.; State ESP team","Davis","1980-01-08",1980,1,8,"770675","BISH",,19.45,-155.283333
"36224332","Cyanea floribunda E.Wimm.","Cyanea floribunda","Campanulaceae","Cyanea","Clarke, G.","Clarke","1980-02-07",1980,2,7,"657771","BPBM","BISH",19.4333,-155.283
"36252801","Cynoglossum amabile Stapf & J.R.Drumm.","Cynoglossum amabile","Boraginaceae","Cynoglossum","Davis, J. State ESP team","Davis","1980-02-07",1980,2,7,"656100","BPBM","BISH",19.45,-155.283
"36253410","Cynoglossum amabile Stapf & J.R.Drumm.","Cynoglossum amabile","Boraginaceae","Cynoglossum","Davis, J. State ESP team","Davis","1980-02-07",1980,2,7,"656101","BPBM","BISH",19.45,-155.283
"36255083","Cynoglossum amabile Stapf & J.R.Drumm.","Cynoglossum amabile","Boraginaceae","Cynoglossum","Davis, J. State ESP team","Davis","1980-02-07",1980,2,7,"667241","BPBM","BISH",19.45,-155.3
"38071888","Pipturus hawaiiensis H.Lév.","Pipturus albidus","Urticaceae","Pipturus","Cuddihy, L.W. State ESP team","Cuddihy","1980-02-07",1980,2,7,"770717","BPBM","BISH",19.45,-155.283
"38767504","Stenogyne calaminthoides A.Gray","Stenogyne calaminthoides","Lamiaceae","Stenogyne","Davis, J. State ESP team","Davis","1980-02-07",1980,2,7,"667595","BPBM","BISH",19.45,-155.283
"5956160449","Cyanea floribunda E.Wimm.","Cyanea floribunda","Campanulaceae","Cyanea","Clarke, G.","Clarke","1980-02-07",1980,2,7,"657771","BISH",,19.433333,-155.283333
"5956161272","Pipturus albidus (Hook. & Arn.) A.Gray","Pipturus albidus","Urticaceae","Pipturus","Cuddihy, L.W.; State ESP team","Cuddihy","1980-02-07",1980,2,7,"770717","BISH",,19.45,-155.283333
"5956238477","Cynoglossum amabile Stapf & J.R.Drumm.","Cynoglossum amabile","Boraginaceae","Cynoglossum","Davis, J.; State ESP team","Davis","1980-02-07",1980,2,7,"667241","BISH",,19.45,-155.3
"5956494971","Cynoglossum amabile Stapf & J.R.Drumm.","Cynoglossum amabile","Boraginaceae","Cynoglossum","Davis, J.; State ESP team","Davis","1980-02-07",1980,2,7,"656100","BISH",,19.45,-155.283333
"5956553862","Stenogyne calaminthoides A.Gray","Stenogyne calaminthoides","Lamiaceae","Stenogyne","Davis, J.; State ESP team","Davis","1980-02-07",1980,2,7,"667595","BISH",,19.45,-155.283333
"5956631140","Cynoglossum amabile Stapf & J.R.Drumm.","Cynoglossum amabile","Boraginaceae","Cynoglossum","Davis, J.; State ESP team","Davis","1980-02-07",1980,2,7,"656101","BISH",,19.45,-155.283333
"36218787","Cuphea carthagenensis (Jacq.) J.F.Macbr.","Cuphea carthagenensis","Lythraceae","Cuphea","Cuddihy, L.W.","Cuddihy","1980-05-20",1980,5,20,"770273","BPBM","BISH",19.45,-155.283
"37251567","Hypochoeris radicata L.","Hypochoeris radicata","Asteraceae","Hypochoeris","Cuddihy, L.W.","Cuddihy","1980-05-20",1980,5,20,"656211","BPBM","BISH",19.45,-155.283
"38273183","Psidium guajava L.","Psidium guajava","Myrtaceae","Psidium","Kubo, R.","Kubo","1980-05-20",1980,5,20,"656758","BPBM","BISH",19.4333,-155.283
"38276540","Psidium guajava L.","Psidium guajava","Myrtaceae","Psidium","Kubo, R.","Kubo","1980-05-20",1980,5,20,"770375","BPBM","BISH",19.4333,-155.283
"5956234589","Cuphea carthagenensis (Jacq.) J.F.Macbr.","Cuphea carthagenensis","Lythraceae","Cuphea","Cuddihy, L.W.","Cuddihy","1980-05-20",1980,5,20,"770273","BISH",,19.45,-155.283333
"5956405630","Hypochaeris radicata L.","Hypochaeris radicata","Asteraceae","Hypochaeris","Cuddihy, L.W.","Cuddihy","1980-05-20",1980,5,20,"656211","BISH",,19.45,-155.283333
"5956592963","Psidium guajava L.","Psidium guajava","Myrtaceae","Psidium","Kubo, R.","Kubo","1980-05-20",1980,5,20,"656758","BISH",,19.433333,-155.283333
"5956593827","Psidium guajava L.","Psidium guajava","Myrtaceae","Psidium","Kubo, R.","Kubo","1980-05-20",1980,5,20,"770375","BISH",,19.433333,-155.283333
"37609749","Modiola caroliniana (L.) G.Don","Modiola caroliniana","Malvaceae","Modiola","Cuddihy, L.W. Anderson, S.","Cuddihy","1980-06-19",1980,6,19,"656686","BPBM","BISH",19.4333,-155.283
"5956286645","Modiola caroliniana (L.) G.Don","Modiola caroliniana","Malvaceae","Modiola","Cuddihy, L.W.; Anderson, S.","Cuddihy","1980-06-19",1980,6,19,"656686","BISH",,19.433333,-155.283333
"37438013","Linaria texana Scheele","Nuttallanthus texanus","Plantaginaceae","Nuttallanthus","Clarke, G.","Clarke","1980-07-22",1980,7,22,"657044","BPBM","BISH",19.4333,-155.283
"5956449385","Linaria texana Scheele","Nuttallanthus texanus","Plantaginaceae","Nuttallanthus","Clarke, G.","Clarke","1980-07-22",1980,7,22,"657044","BISH",,19.433333,-155.283333
"35080350","Anemone hupehensis var. japonica (Thunb.) Bowles & Stearn","Eriocapitella japonica","Ranunculaceae","Eriocapitella","Cuddihy, L.W.","Cuddihy","1980-08-19",1980,8,19,"656875","BPBM","BISH",19.45,-155.3
"35882298","Cerastium fontanum subsp. triviale (E.H.L.Krause) Jalas","Cerastium glomeratum","Caryophyllaceae","Cerastium","Cuddihy, L.W.","Cuddihy","1980-08-06",1980,8,6,"656108","BPBM","BISH",19.45,-155.283
"36055410","Clermontia hawaiiensis var. hawaiiensis","Clermontia hawaiiensis","Campanulaceae","Clermontia","Davis, J.","Davis","1980-08-19",1980,8,19,"770247","BPBM","BISH",19.45,-155.283
"36314801","Cyrtandra platyphylla A.Gray","Cyrtandra platyphylla","Gesneriaceae","Cyrtandra","Cuddihy, L.W.","Cuddihy","1980-08-19",1980,8,19,"656403","BPBM","BISH",19.45,-155.283
"37083188","Kadua centranthoides Hook. & Arn.","Kadua centranthoides","Rubiaceae","Kadua","Cuddihy, L.W.","Cuddihy","1980-08-19",1980,8,19,"656952","BPBM","BISH",19.4333,-155.283
"37542824","Melicope pseudoanisata (Rock) T.G.Hartley & B.C.Stone","Melicope pseudoanisata","Rutaceae","Melicope","Cuddihy, L.W.","Cuddihy","1980-08-19",1980,8,19,"657005","BPBM","BISH",19.45,-155.283
"37543976","Melicope pseudoanisata (Rock) T.G.Hartley & B.C.Stone","Melicope pseudoanisata","Rutaceae","Melicope","Cuddihy, L.W.","Cuddihy","1980-08-19",1980,8,19,"657003","BPBM","BISH",19.45,-155.283
"37976322","Persicaria punctata (Elliott) Small","Persicaria punctata","Polygonaceae","Persicaria","Cuddihy, L.W.","Cuddihy","1980-08-19",1980,8,19,"656858","BPBM","BISH",19.4333,-155.283
"38505067","Rubus ellipticus var. obcordatus (Franch.) Focke","Rubus ellipticus","Rosaceae","Rubus","Davis, J.","Davis","1980-08-19",1980,8,19,"656903","BPBM","BISH",19.45,-155.283
"39736206","Youngia japonica (L.) DC.","Youngia japonica","Asteraceae","Youngia","Cuddihy, L.W.","Cuddihy","1980-08-19",1980,8,19,"656266","BPBM","BISH",19.4333,-155.283
"5956244227","Melicope pseudoanisata (Rock) T.G.Hartley & B.C.Stone","Melicope pseudoanisata","Rutaceae","Melicope","Cuddihy, L.W.","Cuddihy","1980-08-19",1980,8,19,"657005","BISH",,19.45,-155.283333
"5956294988","Melicope pseudoanisata (Rock) T.G.Hartley & B.C.Stone","Melicope pseudoanisata","Rutaceae","Melicope","Cuddihy, L.W.","Cuddihy","1980-08-19",1980,8,19,"657003","BISH",,19.45,-155.283333
"5956479432","Persicaria punctata (Elliott) Small","Persicaria punctata","Polygonaceae","Persicaria","Cuddihy, L.W.","Cuddihy","1980-08-19",1980,8,19,"656858","BISH",,19.433333,-155.283333
"5956481103","Cerastium fontanum subsp. vulgare (Hartm.) Greuter & Burdet","Cerastium holosteoides","Caryophyllaceae","Cerastium","Cuddihy, L.W.","Cuddihy","1980-08-06",1980,8,6,"656108","BISH",,19.45,-155.283333
"5956491802","Kadua centranthoides Hook. & Arn.","Kadua centranthoides","Rubiaceae","Kadua","Cuddihy, L.W.","Cuddihy","1980-08-19",1980,8,19,"656952","BISH",,19.433333,-155.283333
"5956578089","Cyrtandra platyphylla A.Gray","Cyrtandra platyphylla","Gesneriaceae","Cyrtandra","Cuddihy, L.W.","Cuddihy","1980-08-19",1980,8,19,"656403","BISH",,19.45,-155.283333
"5956582917","Youngia japonica (L.) DC.","Youngia japonica","Asteraceae","Youngia","Cuddihy, L.W.","Cuddihy","1980-08-19",1980,8,19,"656266","BISH",,19.433333,-155.283333
"5956603283","Anemone hupehensis (É.Lemoine) É.Lemoine","Eriocapitella hupehensis","Ranunculaceae","Eriocapitella","Cuddihy, L.W.","Cuddihy","1980-08-19",1980,8,19,"656875","BISH",,19.45,-155.3
"5956606323","Clermontia hawaiiensis (Hillebr.) Rock","Clermontia hawaiiensis","Campanulaceae","Clermontia","Davis, J.","Davis","1980-08-19",1980,8,19,"770247","BISH",,19.45,-155.283333
"5956652499","Rubus ellipticus var. obcordatus (Franch.) Focke","Rubus ellipticus","Rosaceae","Rubus","Davis, J.","Davis","1980-08-19",1980,8,19,"656903","BISH",,19.45,-155.283333
"35767430","Cardamine flexuosa With.","Cardamine flexuosa","Brassicaceae","Cardamine","Cuddihy, L.W.","Cuddihy","1980-09-12",1980,9,12,"656286","BPBM","BISH",19.4333,-155.283
"35854300","Centaurium erythraea subsp. erythraea","Centaurium erythraea","Gentianaceae","Centaurium","Davis, J.","Davis","1980-09-24",1980,9,24,"656370","BPBM","BISH",19.45,-155.3
"36073561","Cocculus orbiculatus (L.) DC.","Cocculus orbiculatus","Menispermaceae","Cocculus","Cuddihy, L.W.","Cuddihy","1980-09-24",1980,9,24,"656702","BPBM","BISH",19.4333,-155.283
"36543091","Dodonaea viscosa (L.) Jacq.","Dodonaea viscosa","Sapindaceae","Dodonaea","Cuddihy, L.W.","Cuddihy","1980-09-24",1980,9,24,"656986","BPBM","BISH",19.45,-155.283
"37082808","Hedyotis biflora (L.) Lam.","Leptopetalum biflorum","Rubiaceae","Leptopetalum","Cuddihy, L.W.","Cuddihy","1980-09-12",1980,9,12,"656953","BPBM","BISH",19.4333,-155.283
"37543481","Melicope pseudoanisata (Rock) T.G.Hartley & B.C.Stone","Melicope pseudoanisata","Rutaceae","Melicope","Anderson, S.J.","Anderson","1980-09-24",1980,9,24,"657007","BPBM","BISH",19.45,-155.283
"37544103","Melicope pseudoanisata (Rock) T.G.Hartley & B.C.Stone","Melicope pseudoanisata","Rutaceae","Melicope","Cuddihy, L.W.","Cuddihy","1980-09-24",1980,9,24,"657008","BPBM","BISH",19.45,-155.283
"37597376","Mimosa pudica var. unijuga (Duchass. & Walp.) Griseb.","Mimosa pudica","Fabaceae","Mimosa","Cuddihy, L.W.","Cuddihy","1980-09-12",1980,9,12,"656556","BPBM","BISH",19.4333,-155.283
"37597724","Mimosa pudica var. unijuga (Duchass. & Walp.) Griseb.","Mimosa pudica","Fabaceae","Mimosa","Cuddihy, L.W.","Cuddihy","1980-09-12",1980,9,12,"770190","BPBM","BISH",19.4333,-155.283
"38776015","Stenogyne rugosa Benth.","Stenogyne rugosa","Lamiaceae","Stenogyne","Cuddihy, L.W.","Cuddihy","1980-09-24",1980,9,24,"667608","BPBM","BISH",19.45,-155.283
"1090317860","Brassica L.",,"Brassicaceae","Brassica","Cuddihy, L.W.","Cuddihy","1980-09-24",1980,9,24,"656277","BPBM","BISH",19.45,-155.283
"5956178224","Melicope pseudoanisata (Rock) T.G.Hartley & B.C.Stone","Melicope pseudoanisata","Rutaceae","Melicope","Anderson, S.J.","Anderson","1980-09-24",1980,9,24,"657007","BISH",,19.45,-155.283333
"5956356343","Melicope pseudoanisata (Rock) T.G.Hartley & B.C.Stone","Melicope pseudoanisata","Rutaceae","Melicope","Cuddihy, L.W.","Cuddihy","1980-09-24",1980,9,24,"657008","BISH",,19.45,-155.283333
"5956420462","Centaurium erythraea var. erythraea","Centaurium erythraea","Gentianaceae","Centaurium","Davis, J.","Davis","1980-09-24",1980,9,24,"656370","BISH",,19.45,-155.3
"5956434880","Dodonaea viscosa (L.) Jacq.","Dodonaea viscosa","Sapindaceae","Dodonaea","Cuddihy, L.W.","Cuddihy","1980-09-24",1980,9,24,"656986","BISH",,19.45,-155.283333
"5956460461","Cardamine occulta Hornem.","Cardamine occulta","Brassicaceae","Cardamine","Cuddihy, L.W.","Cuddihy","1980-09-12",1980,9,12,"656286","BISH",,19.433333,-155.283333
"5956565299","Stenogyne rugosa Benth.","Stenogyne rugosa","Lamiaceae","Stenogyne","Cuddihy, L.W.","Cuddihy","1980-09-24",1980,9,24,"667608","BISH",,19.45,-155.283333
"5956572100","Ludwigia palustris (L.) Elliott","Ludwigia palustris","Onagraceae","Ludwigia","Cuddihy, L.W.","Cuddihy","1980-09-12",1980,9,12,"656953","BISH",,19.433333,-155.283333
"5956679059","Nephroia orbiculata (L.) L.Lian & Wei Wang","Cocculus orbiculatus","Menispermaceae","Cocculus","Cuddihy, L.W.","Cuddihy","1980-09-24",1980,9,24,"656702","BISH",,19.433333,-155.283333
"35808171","Carya illinoensis (Wangenh.) K.Koch","Carya illinoensis","Juglandaceae","Carya","Anderson, S.J. Davis, J.; Cuddihy, L.W.","Anderson","1980-10-01",1980,10,1,"656421","BPBM","BISH",19.4333,-155.283
"35813788","Castanea dentata (Marshall) Borkh.","Castanea dentata","Fagaceae","Castanea","Anderson, S.J. Cuddihy, L.W.; Davis, J.","Anderson","1980-10-01",1980,10,1,"656367","BPBM","BISH",19.4333,-155.283
"35815360","Castanea dentata (Marshall) Borkh.","Castanea dentata","Fagaceae","Castanea","Cuddihy, L.W. Davis, J.; Anderson, S.","Cuddihy","1980-10-01",1980,10,1,"656366","BPBM","BISH",19.4333,-155.283
"35816723","Castanea dentata (Marshall) Borkh.","Castanea dentata","Fagaceae","Castanea","Cuddihy, L.W. Davis, J.; Anderson, S.","Cuddihy","1980-10-01",1980,10,1,"667524","BPBM","BISH",19.4333,-155.283
"36060237","Clermontia parviflora Gaudich. ex A.Gray","Clermontia parviflora","Campanulaceae","Clermontia","Davis, J.","Davis","1980-10-22",1980,10,22,"656617","BPBM","BISH",19.4333,-155.283
"36151038","Coprosma rhynchocarpa A.Gray","Coprosma rhynchocarpa","Rubiaceae","Coprosma","Cuddihy, L.W.","Cuddihy","1980-10-01",1980,10,1,"656924","BPBM","BISH",19.4333,-155.283
"36166470","Corylus americana Walter","Corylus americana","Betulaceae","Corylus","Cuddihy, L.W. Davis, J.; Anderson, S.","Cuddihy","1980-10-01",1980,10,1,"668168","BPBM","BISH",19.4333,-155.283
"36316476","Cyrtandra platyphylla A.Gray","Cyrtandra platyphylla","Gesneriaceae","Cyrtandra","Cuddihy, L.W.","Cuddihy","1980-10-01",1980,10,1,"656385","BPBM","BISH",19.4333,-155.283
"37298641","Juglans regia L.","Juglans regia","Juglandaceae","Juglans","Anderson, S.J. Cuddihy, L.W.; Davis, J.","Anderson","1980-10-01",1980,10,1,"667565","BPBM","BISH",19.4333,-155.283
"37298759","Juglans regia L.","Juglans regia","Juglandaceae","Juglans","Anderson, S.J. Davis, J.; Cuddihy, L.W.","Anderson","1980-10-01",1980,10,1,"656422","BPBM","BISH",19.4333,-155.283
"37516803","Medicago lupulina L.","Medicago lupulina","Fabaceae","Medicago","Cuddihy, L.W.","Cuddihy","1980-10-01",1980,10,1,"656549","BPBM","BISH",19.4333,-155.283
"38275165","Psidium cattleianum var. cattleianum","Psidium cattleianum","Myrtaceae","Psidium","Davis, J.","Davis","1980-10-23",1980,10,23,"656757","BPBM","BISH",19.4333,-155.283
"38571489","Scaevola chamissoniana var. bracteosa Hillebr.","Scaevola chamissoniana","Goodeniaceae","Scaevola","Cuddihy, L.W.","Cuddihy","1980-10-01",1980,10,1,"656412","BPBM","BISH",19.4333,-155.283
"38755673","Stachytarpheta australis Moldenke","Stachytarpheta cayennensis","Verbenaceae","Stachytarpheta","Cuddihy, L.W.","Cuddihy","1980-10-01",1980,10,1,"657125","BPBM","BISH",19.4333,-155.283
"38774283","Stenogyne scrophularioides Benth.","Stenogyne scrophularioides","Lamiaceae","Stenogyne","Davis, J.","Davis","1980-10-08",1980,10,8,"667590","BPBM","BISH",19.45,-155.3
"1090252426","Stenogyne Benth.",,"Lamiaceae","Stenogyne","Anderson, S.J.","Anderson","1980-10-08",1980,10,8,"656455","BPBM","BISH",19.4333,-155.283
"5956156105","Castanea dentata (Marshall) Borkh.","Castanea dentata","Fagaceae","Castanea","Anderson, S.J.; Cuddihy, L.W.; Davis, J.","Anderson","1980-10-01",1980,10,1,"656367","BISH",,19.433333,-155.283333
"5956184278","Castanea dentata (Marshall) Borkh.","Castanea dentata","Fagaceae","Castanea","Cuddihy, L.W.; Davis, J.; Anderson, S.","Cuddihy","1980-10-01",1980,10,1,"667524","BISH",,19.433333,-155.283333
"5956184393","Medicago lupulina L.","Medicago lupulina","Fabaceae","Medicago","Cuddihy, L.W.","Cuddihy","1980-10-01",1980,10,1,"656549","BISH",,19.433333,-155.283333
"5956238422","Castanea dentata (Marshall) Borkh.","Castanea dentata","Fagaceae","Castanea","Cuddihy, L.W.; Davis, J.; Anderson, S.","Cuddihy","1980-10-01",1980,10,1,"656366","BISH",,19.433333,-155.283333
"5956242005","Corylus cornuta Marshall","Corylus cornuta","Betulaceae","Corylus","Cuddihy, L.W.; Davis, J.; Anderson, S.","Cuddihy","1980-10-01",1980,10,1,"668168","BISH",,19.433333,-155.283333
"5956244224","Clermontia parviflora Gaudich. ex A.Gray","Clermontia parviflora","Campanulaceae","Clermontia","Davis, J.","Davis","1980-10-22",1980,10,22,"656617","BISH",,19.433333,-155.283333
"5956347969","Juglans regia L.","Juglans regia","Juglandaceae","Juglans","Anderson, S.J.; Cuddihy, L.W.; Davis, J.","Anderson","1980-10-01",1980,10,1,"667565","BISH",,19.433333,-155.283333
"5956382953","Juglans regia L.","Juglans regia","Juglandaceae","Juglans","Anderson, S.J.; Davis, J.; Cuddihy, L.W.","Anderson","1980-10-01",1980,10,1,"656422","BISH",,19.433333,-155.283333
"5956418923","Carya illinoinensis (Wangenh.) K.Koch","Carya illinoinensis","Juglandaceae","Carya","Anderson, S.J.; Davis, J.; Cuddihy, L.W.","Anderson","1980-10-01",1980,10,1,"656421","BISH",,19.433333,-155.283333
"5956432110","Stachytarpheta australis Moldenke","Stachytarpheta cayennensis","Verbenaceae","Stachytarpheta","Cuddihy, L.W.","Cuddihy","1980-10-01",1980,10,1,"657125","BISH",,19.433333,-155.283333
"5956437823","Scaevola chamissoniana Gaudich.","Scaevola chamissoniana","Goodeniaceae","Scaevola","Cuddihy, L.W.","Cuddihy","1980-10-01",1980,10,1,"656412","BISH",,19.433333,-155.283333
"5956472582","Psidium cattleianum var. cattleianum","Psidium cattleianum","Myrtaceae","Psidium","Davis, J.","Davis","1980-10-23",1980,10,23,"656757","BISH",,19.433333,-155.283333
"5956495022","Stenogyne scrophularioides Benth.","Stenogyne scrophularioides","Lamiaceae","Stenogyne","Davis, J.","Davis","1980-10-08",1980,10,8,"667590","BISH",,19.45,-155.3
"5956513661","Coprosma rhynchocarpa A.Gray","Coprosma rhynchocarpa","Rubiaceae","Coprosma","Cuddihy, L.W.","Cuddihy","1980-10-01",1980,10,1,"656924","BISH",,19.433333,-155.283333
"5956680933","Cyrtandra platyphylla A.Gray","Cyrtandra platyphylla","Gesneriaceae","Cyrtandra","Cuddihy, L.W.","Cuddihy","1980-10-01",1980,10,1,"656385","BISH",,19.433333,-155.283333
"37544175","Melicope pseudoanisata (Rock) T.G.Hartley & B.C.Stone","Melicope pseudoanisata","Rutaceae","Melicope","Cuddihy, L.W.","Cuddihy","1980-11-01",1980,11,1,"657009","BPBM","BISH",19.4333,-155.283
"5956399821","Melicope pseudoanisata (Rock) T.G.Hartley & B.C.Stone","Melicope pseudoanisata","Rutaceae","Melicope","Cuddihy, L.W.","Cuddihy","1980-11-01",1980,11,1,"657009","BISH",,19.433333,-155.283333
"37544043","Melicope pseudoanisata (Rock) T.G.Hartley & B.C.Stone","Melicope pseudoanisata","Rutaceae","Melicope","Cuddihy, L.W. Kubo, R.; Yoshida, L.","Cuddihy","1979-09-20",1979,9,20,"657006","BPBM","BISH",19.45,-155.283
"37607948","Modiola caroliniana (L.) G.Don","Modiola caroliniana","Malvaceae","Modiola","Clarke, G. Cuddihy, L.W.; Kubo, R.; Yoshida, L.","Clarke","1979-09-20",1979,9,20,"770290","BPBM","BISH",19.4333,-155.283
"5956165561","Modiola caroliniana (L.) G.Don","Modiola caroliniana","Malvaceae","Modiola","Clarke, G.; Cuddihy, L.W.; Kubo, R.; Yoshida, L.","Clarke","1979-09-20",1979,9,20,"770290","BISH",,19.433333,-155.283333
"5956340622","Melicope pseudoanisata (Rock) T.G.Hartley & B.C.Stone","Melicope pseudoanisata","Rutaceae","Melicope","Cuddihy, L.W.; Kubo, R.; Yoshida, L.","Cuddihy","1979-09-20",1979,9,20,"657006","BISH",,19.45,-155.283333
"36875624","Fragaria vesca L.","Fragaria vesca","Rosaceae","Fragaria","Cuddihy, L.W. State ESP team","Cuddihy","1979-12-18",1979,12,18,"656881","BPBM","BISH",19.45,-155.283
"36877550","Fragaria vesca L.","Fragaria vesca","Rosaceae","Fragaria","Cuddihy, L.W. State ESP team","Cuddihy","1979-12-18",1979,12,18,"770510","BPBM","BISH",19.45,-155.283
"37424148","Leucanthemum vulgare Lam.","Leucanthemum vulgare","Asteraceae","Leucanthemum","Cuddihy, L.W. State ESP team","Cuddihy","1979-12-18",1979,12,18,"656171","BPBM","BISH",19.4333,-155.283
"38360779","Pyracantha koidzumii (Hayata) Rehder","Pyracantha koidzumii","Rosaceae","Pyracantha","Cuddihy, L.W. State ESP team","Cuddihy","1979-12-20",1979,12,20,"656889","BPBM","BISH",19.45,-155.3
"38362694","Pyracantha angustifolia (Franch.) C.K.Schneid.","Pyracantha angustifolia","Rosaceae","Pyracantha","Cuddihy, L.W. State EPS team","Cuddihy","1979-12-20",1979,12,20,"770507","BPBM","BISH",19.45,-155.3
"39640308","Verbena litoralis Kunth","Verbena litoralis","Verbenaceae","Verbena","Davis, J. State ESP team","Davis","1979-12-18",1979,12,18,"567131","BPBM","BISH",19.4333,-155.283
"5956394604","Pyracantha koidzumii (Hayata) Rehder","Pyracantha koidzumii","Rosaceae","Pyracantha","Cuddihy, L.W.; State ESP team","Cuddihy","1979-12-20",1979,12,20,"656889","BISH",,19.45,-155.3
"5956400651","Fragaria vesca L.","Fragaria vesca","Rosaceae","Fragaria","Cuddihy, L.W.; State ESP team","Cuddihy","1979-12-18",1979,12,18,"656881","BISH",,19.45,-155.283333
"5956536359","Leucanthemum vulgare Lam.","Leucanthemum vulgare","Asteraceae","Leucanthemum","Cuddihy, L.W.; State ESP team","Cuddihy","1979-12-18",1979,12,18,"656171","BISH",,19.433333,-155.283333
"5956554270","Pyracantha koidzumii (Hayata) Rehder","Pyracantha koidzumii","Rosaceae","Pyracantha","Cuddihy, L.W.; State EPS team","Cuddihy","1979-12-20",1979,12,20,"770507","BISH",,19.45,-155.3
"5956588337","Verbena litoralis Kunth","Verbena litoralis","Verbenaceae","Verbena","Davis, J.; State ESP team","Davis","1979-12-18",1979,12,18,"567131","BISH",,19.433333,-155.283333
"5956619100","Fragaria vesca L.","Fragaria vesca","Rosaceae","Fragaria","Cuddihy, L.W.; State ESP team","Cuddihy","1979-12-18",1979,12,18,"770510","BISH",,19.45,-155.283333
"2883333073","Coprosma ernodeoides A.Gray","Coprosma ernodeoides","Rubiaceae","Coprosma","O Degener|I Degener","Degener","1977-06-29",1977,6,29,"AK153974","AK","AK",19.435333,-155.279944
"5070648998","Sapindus saponaria var. saponaria","Sapindus saponaria","Sapindaceae","Sapindus","Otto Degener; Isa Degener","Degener","1977-09-18",1977,9,18,"IND-0079457","IND",,19.440783,-155.3028
"5070652840","Sapindus saponaria var. saponaria","Sapindus saponaria","Sapindaceae","Sapindus","Otto Degener; Isa Degener","Degener","1977-09-18",1977,9,18,"IND-0079456","IND",,19.440783,-155.3028
"1897828776","Solanum americanum Mill.","Solanum americanum","Solanaceae","Solanum","O Degener|I Degener","Degener","1976-01-23",1976,1,23,"AK143453","AK","AK",19.433333,-155.283333
"5130152569","Stenogyne rotundifolia A.Gray","Stenogyne rotundifolia","Lamiaceae","Stenogyne","Bulmer, C.","Bulmer","1975-03-01T00:00",1975,3,1,"K001196440","K","Herbarium",19.45,-155.3
"1929392173","Hibiscadelphus giffardianus Rock","Hibiscadelphus giffardianus","Malvaceae","Hibiscadelphus","J. K. Baker","Baker","1975-10-14",1975,10,14,"37506","NY","NY",19.439338,-155.305384
"1930408787","Hibiscadelphus giffardianus Rock","Hibiscadelphus giffardianus","Malvaceae","Hibiscadelphus","J. K. Baker","Baker","1975-10-14",1975,10,14,"37507","NY","NY",19.439338,-155.305384
"1930346350","Hibiscadelphus hualalaiensis Rock","Hibiscadelphus hualalaiensis","Malvaceae","Hibiscadelphus","J. K. Baker","Baker","1975-11-24",1975,11,24,"37519","NY","NY",19.439338,-155.305384
"1928617827","Hibiscadelphus hualalaiensis Rock","Hibiscadelphus hualalaiensis","Malvaceae","Hibiscadelphus","J. K. Baker","Baker","1975-12-06",1975,12,6,"37520","NY","NY",19.439338,-155.305384
"1928881444","Hibiscadelphus giffardianus Rock","Hibiscadelphus giffardianus","Malvaceae","Hibiscadelphus","J. K. Baker","Baker","1975-12-08",1975,12,8,"37508","NY","NY",19.439338,-155.305384
"1930529648","Hibiscadelphus hualalaiensis Rock","Hibiscadelphus hualalaiensis","Malvaceae","Hibiscadelphus","J. K. Baker","Baker","1975-12-03",1975,12,3,"37518","NY","NY",19.439338,-155.305384
"37573567","Metrosideros polymorpha Gaudich.","Metrosideros polymorpha","Myrtaceae","Metrosideros","Herat, T. Herat, R.; Higashino, P.K.","Herat","1974-06-12",1974,6,12,"410687","BPBM","BISH",19.45,-155.3
"5956606516","Metrosideros polymorpha Gaudich.","Metrosideros polymorpha","Myrtaceae","Metrosideros","Herat, T.; Herat, R.; Higashino, P.K.","Herat","1974-06-12",1974,6,12,"410687","BISH",,19.45,-155.3
"5938780333","Myoporum Banks & Sol. ex G.Forst.",,"Scrophulariaceae","Myoporum","Otto Degener|Isa (Irmgard) Degener","Degener","1969-06-09",1969,6,9,"SP126392","NMNZ","WELT",19.44,-155.3
"5070652823","Dodonaea viscosa (L.) Jacq.","Dodonaea viscosa","Sapindaceae","Dodonaea","Otto Degener","Degener","1967-01-29",1967,1,29,"IND-0080229","IND",,19.441019,-155.30291
"3968555430","Myrsine lessertiana A.DC.","Myrsine lessertiana","Primulaceae","Myrsine","Sherwin Carlquist","Carlquist","1967-03-16",1967,3,16,"RSA0460761","RSA","VascularPlants",19.437511,-155.303298
"4010615009","Sophora chrysophylla (Salisb.) Seem.","Sophora chrysophylla","Fabaceae","Sophora","Sherwin Carlquist","Carlquist","1967-03-16",1967,3,16,"RSA0483546","RSA","VascularPlants",19.437511,-155.303298
"3949998486","Charpentiera obovata Gaudich.","Charpentiera obovata","Amaranthaceae","Charpentiera","Sherwin Carlquist","Carlquist","1966-07-24",1966,7,24,"RSA0445765","RSA","VascularPlants",19.437511,-155.303298
"3968554907","Pisonia umbellifera (J.Forst. & G.Forst.) Seem.","Ceodes umbellifera","Nyctaginaceae","Ceodes","Sherwin Carlquist","Carlquist","1966-07-24",1966,7,24,"RSA0468092","RSA","VascularPlants",19.437511,-155.303298
"37573027","Metrosideros polymorpha Gaudich.","Metrosideros polymorpha","Myrtaceae","Metrosideros","Fosberg, F.R.","Fosberg","1951-02-11",1951,2,11,"60279","BPBM","BISH",19.4333,-155.3
"5956233363","Metrosideros polymorpha Gaudich.","Metrosideros polymorpha","Myrtaceae","Metrosideros","Fosberg, F.R.","Fosberg","1951-02-11",1951,2,11,"60279","BISH",,19.433333,-155.3
"5906963611","Perrottetia sandwicensis A.Gray","Perrottetia sandwicensis","Dipentodontaceae","Perrottetia","Professor Grady Webster Junior|Professor Robert Wilbur","Wilbur","1948-06-18",1948,6,18,"SP125738","NMNZ","WELT",19.44,-155.303
"5938779477","Myrsine lessertiana A.DC.","Myrsine lessertiana","Primulaceae","Myrsine","Joseph Rock","Rock","1948-06-18",1948,6,18,"SP127110","NMNZ","WELT",19.44,-155.303
"6289241534","Pisonia brunoniana Endl.","Ceodes brunoniana","Nyctaginaceae","Ceodes","Professor Grady Webster Junior|Professor Robert Wilbur","Wilbur","1948-06-18",1948,6,18,"SP059017","NMNZ","WELT",19.44,-155.303
"1897842200","Melicope cinerea A.Gray","Melicope cinerea","Rutaceae","Melicope","L M Cranwell|O H Selling|C Skottsberg","Skottsberg","1938-09-19",1938,9,19,"AK25346","AK","AK",19.446944,-155.303611
"1927879332","Peperomia cookiana C.DC.","Peperomia cookiana","Piperaceae","Peperomia","T. G. Yuncker","Yuncker","1933-03-09",1933,3,9,"180019","NY","NY",19.439338,-155.305384
"1930051621","Peperomia cookiana C.DC.","Peperomia cookiana","Piperaceae","Peperomia","T. G. Yuncker","Yuncker","1933-03-09",1933,3,9,"180020","NY","NY",19.439338,-155.305384
"1930638740","Hibiscadelphus giffardianus Rock","Hibiscadelphus giffardianus","Malvaceae","Hibiscadelphus","O. Degener","Degener","1930-04-15",1930,4,15,"221720","NY","NY",19.437239,-155.303514
"2382913489","Peperomia tetraphylla var. parvifolia (C.DC.) O.Deg. & I.Deg.","Peperomia tetraphylla","Piperaceae","Peperomia","O. Degener","Degener","1930-04-15",1930,4,15,"4127450","NY","NY",19.439338,-155.305384
"2382919373","Peperomia cookiana C.DC.","Peperomia cookiana","Piperaceae","Peperomia","O. Degener","Degener","1930-04-15",1930,4,15,"4125904","NY","NY",19.439338,-155.305384
"2382928419","Peperomia cookiana C.DC.","Peperomia cookiana","Piperaceae","Peperomia","O. Degener","Degener","1930-04-15",1930,4,15,"4125903","NY","NY",19.437924,-155.302981
"2562918050","Alyxia stellata (J.R.Forst. & G.Forst.) Roem. & Schult.","Alyxia stellata","Apocynaceae","Alyxia","O. Degener","Degener","1930-04-15",1930,4,15,"4160540","NY","NY",19.437239,-155.303514
"2242404039","Sophora chrysophylla (Salisb.) Seem.","Sophora chrysophylla","Fabaceae","Sophora","Otto Degener","Degener","1929-07-09",1929,7,9,"KHD00009805","DBG","KHD",19.43813,-155.30306
"2382927835","Peperomia cookiana C.DC.","Peperomia cookiana","Piperaceae","Peperomia","H. Wiebke","Wiebke","1929-07-09",1929,7,9,"4125908","NY","NY",19.439338,-155.305384
"1928075593","Achillea millefolium L.","Achillea millefolium","Asteraceae","Achillea","O. Degener","Degener","1929-12-07",1929,12,7,"216597","NY","NY",19.439338,-155.305384
"37574821","Metrosideros polymorpha Gaudich.","Metrosideros polymorpha","Myrtaceae","Metrosideros","Rock, J.F.C.","Rock","1916-04-23",1916,4,23,"427629","BPBM","BISH",19.4333,-155.3
"5956594059","Metrosideros polymorpha Gaudich.","Metrosideros polymorpha","Myrtaceae","Metrosideros","Rock, J.F.C.","Rock","1916-04-23",1916,4,23,"427629","BISH",,19.433333,-155.3
"694640788","Sapindus saponaria L.","Sapindus saponaria","Sapindaceae","Sapindus","Forbes, C.N.","Forbes","1915-07-01",1915,7,1,"P05188070","MNHN","P",19.4396,-155.30032
"6289242444","Straussia hillebrandii Rock","Psychotria hawaiiensis","Rubiaceae","Psychotria","Joseph Rock","Rock","1915-08",1915,8,,"SP127829","NMNZ","WELT",19.44,-155.3031
"6289255475","Straussia hillebrandii Rock","Psychotria hawaiiensis","Rubiaceae","Psychotria","Joseph Rock","Rock","1911-04",1911,4,,"SP127827","NMNZ","WELT",19.44,-155.3031
"1928567891","Solanum pseudocapsicum L.","Solanum pseudocapsicum","Solanaceae","Solanum","O. Degener","Degener",,,,,"00828244","NY","NY",19.439338,-155.305384
"2610081066","Geranium carolinianum L.","Geranium carolinianum","Geraniaceae","Geranium","Francis R. Fosberg","Fosberg",,,,,"RSA0148324","RSA","RSA",19.438086,-155.300929
"2818058301","Hibiscadelphus giffardianus Rock","Hibiscadelphus giffardianus","Malvaceae","Hibiscadelphus","Degener,O. & Degener,I. Plants of Hawaii, ex herbarium Otto Degener 30818","Degener",,,,,"0101041","W","Herbarium W",19.44694,-155.30361
