"key","species","family","recordedBy","recordNumber","eventDate","year","catalogNumber","institutionCode","collectionCode","collector","inst_norm","rn"
"1897828776","Solanum americanum","Solanaceae","O Degener|I Degener",,"1976-01-23",1976,"AK143453","AK","AK","Degener","AK",
"2883333073","Coprosma ernodeoides","Rubiaceae","O Degener|I Degener",,"1977-06-29",1977,"AK153974","AK","AK","Degener","AK",
"1897725052","Dubautia ciliolata","Asteraceae","A R Jamieson",,"1991-10-07",1991,"AK208721","AK","AK","Jamieson","AK",
"1897842200","Melicope cinerea","Rutaceae","L M Cranwell|O H Selling|C Skottsberg",,"1938-09-19",1938,"AK25346","AK","AK","Skottsberg","AK",
"1897830007","Morella faya","Myricaceae","W R Sykes",,"1989-03-28",1989,"AK358972","AK","AK","Sykes","AK",
"1897831314","Pipturus albidus","Urticaceae","W R Sykes",,"1989-03-28",1989,"AK361053","AK","AK","Sykes","AK",
"3091221582","Sapindus oahuensis","Sapindaceae","C. Van Riper","s.n.","1998-03-11",1998,"ASC00069331","ASC",,"Van Riper","ASC","sn"
"3091221706","Dodonaea viscosa","Sapindaceae","C. Van Riper","s.n.","1998-03-11",1998,"ASC00069332","ASC",,"Van Riper","ASC","sn"
"3091224114","Metrosideros collina","Myrtaceae","C. Van Riper","s.n.","1998-03-11",1998,"ASC00069335","ASC",,"Van Riper","ASC","sn"
"3091290085","Myoporum sandwicense","Scrophulariaceae","C. Van Riper","s.n.","1998-03-11",1998,"ASC00069337","ASC",,"Van Riper","ASC","sn"
"3091201415","Leptecophylla tameiameiae","Ericaceae","C. Van Riper","s.n.","1998-03-11",1998,"ASC00069341","ASC",,"Van Riper","ASC","sn"
"3091254547","Cheirodendron trigynum","Araliaceae","C. Van Riper","s.n.","1998-03-11",1998,"ASC00069343","ASC",,"Van Riper","ASC","sn"
"3762893341","Ipomoea indica","Convolvulaceae",,,"2009-04-01",2009,"ASU0315729","ASU","Plants",,"ASU",
"3762895337","Nestegis sandwicensis","Oleaceae",,,"2009-04-01",2009,"ASU0319155","ASU","Plants",,"ASU",
"3762890341","Nestegis sandwicensis","Oleaceae",,,"2009-04-01",2009,"ASU0319156","ASU","Plants",,"ASU",
"3762891339","Pisonia sandwicensis","Nyctaginaceae",,,"2009-04-01",2009,"ASU0319711","ASU","Plants",,"ASU",
"3762894339","Myrsine lessertiana","Primulaceae",,,"2009-04-01",2009,"ASU0322211","ASU","Plants",,"ASU",
"3762892340","Coprosma ochracea","Rubiaceae",,,"2009-04-01",2009,"ASU0322359","ASU","Plants",,"ASU",
"3762874336","Psychotria hawaiiensis","Rubiaceae",,,"2009-04-01",2009,"ASU0322360","ASU","Plants",,"ASU",
"3762889340","Sapindus saponaria","Sapindaceae",,,"2009-04-01",2009,"ASU0323260","ASU","Plants",,"ASU",
"5956606516","Metrosideros polymorpha","Myrtaceae","Herat, T.; Herat, R.; Higashino, P.K.","561","1974-06-12",1974,"410687","BISH",,"Herat","Bishop Museum","561"
"5956594059","Metrosideros polymorpha","Myrtaceae","Rock, J.F.C.","s.n.","1916-04-23",1916,"427629","BISH",,"Rock","Bishop Museum","sn"
"5956588337","Verbena litoralis","Verbenaceae","Davis, J.; State ESP team","166","1979-12-18",1979,"567131","BISH",,"Davis","Bishop Museum","166"
"5956233363","Metrosideros polymorpha","Myrtaceae","Fosberg, F.R.","33291","1951-02-11",1951,"60279","BISH",,"Fosberg","Bishop Museum","33291"
"5956290300","Alyxia stellata","Apocynaceae","Davis, J.; ESP team","185","1980-01-08",1980,"656084","BISH",,"Davis","Bishop Museum","185"
"5956335801","Ilex anomala","Aquifoliaceae","Cuddihy, L.W.; State ESP team","89","1980-01-04",1980,"656085","BISH",,"Cuddihy","Bishop Museum","89"
"5956494971","Cynoglossum amabile","Boraginaceae","Davis, J.; State ESP team","225","1980-02-07",1980,"656100","BISH",,"Davis","Bishop Museum","225"
"5956631140","Cynoglossum amabile","Boraginaceae","Davis, J.; State ESP team","225","1980-02-07",1980,"656101","BISH",,"Davis","Bishop Museum","225"
"5956481103","Cerastium holosteoides","Caryophyllaceae","Cuddihy, L.W.","491","1980-08-06",1980,"656108","BISH",,"Cuddihy","Bishop Museum","491"
"5956536359","Leucanthemum vulgare","Asteraceae","Cuddihy, L.W.; State ESP team","44","1979-12-18",1979,"656171","BISH",,"Cuddihy","Bishop Museum","44"
"5956244223","Ageratina riparia","Asteraceae","Cuddihy, L.W.; State ESP team","139","1980-01-23",1980,"656189","BISH",,"Cuddihy","Bishop Museum","139"
"5956405630","Hypochaeris radicata","Asteraceae","Cuddihy, L.W.","456","1980-05-20",1980,"656211","BISH",,"Cuddihy","Bishop Museum","456"
"5956433549","Pluchea carolinensis","Asteraceae","Davis, J.; State ESP team","189","1980-01-08",1980,"656232","BISH",,"Davis","Bishop Museum","189"
"5956582917","Youngia japonica","Asteraceae","Cuddihy, L.W.","548","1980-08-19",1980,"656266","BISH",,"Cuddihy","Bishop Museum","548"
"1090317860",,"Brassicaceae","Cuddihy, L.W.","Collector Number: 571","1980-09-24",1980,"656277","BPBM","BISH","Cuddihy","Bishop Museum","collectornumber571"
"5956460461","Cardamine occulta","Brassicaceae","Cuddihy, L.W.","560","1980-09-12",1980,"656286","BISH",,"Cuddihy","Bishop Museum","560"
"5956238422","Castanea dentata","Fagaceae","Cuddihy, L.W.; Davis, J.; Anderson, S.","612","1980-10-01",1980,"656366","BISH",,"Cuddihy","Bishop Museum","612"
"5956156105","Castanea dentata","Fagaceae","Anderson, S.J.; Cuddihy, L.W.; Davis, J.","406","1980-10-01",1980,"656367","BISH",,"Anderson","Bishop Museum","406"
"5956420462","Centaurium erythraea","Gentianaceae","Davis, J.","371","1980-09-24",1980,"656370","BISH",,"Davis","Bishop Museum","371"
"5956680933","Cyrtandra platyphylla","Gesneriaceae","Cuddihy, L.W.","605","1980-10-01",1980,"656385","BISH",,"Cuddihy","Bishop Museum","605"
"5956578089","Cyrtandra platyphylla","Gesneriaceae","Cuddihy, L.W.","551","1980-08-19",1980,"656403","BISH",,"Cuddihy","Bishop Museum","551"
"5956437823","Scaevola chamissoniana","Goodeniaceae","Cuddihy, L.W.","608","1980-10-01",1980,"656412","BISH",,"Cuddihy","Bishop Museum","608"
"5956418923","Carya illinoinensis","Juglandaceae","Anderson, S.J.; Davis, J.; Cuddihy, L.W.","405","1980-10-01",1980,"656421","BISH",,"Anderson","Bishop Museum","405"
"5956382953","Juglans regia","Juglandaceae","Anderson, S.J.; Davis, J.; Cuddihy, L.W.","407","1980-10-01",1980,"656422","BISH",,"Anderson","Bishop Museum","407"
"1090252426",,"Lamiaceae","Anderson, S.J.","Collector Number: 408","1980-10-08",1980,"656455","BPBM","BISH","Anderson","Bishop Museum","collectornumber408"
"5956184393","Medicago lupulina","Fabaceae","Cuddihy, L.W.","610","1980-10-01",1980,"656549","BISH",,"Cuddihy","Bishop Museum","610"
"5956251042","Mimosa pudica","Fabaceae","Cuddihy, L.W.","562","1980-01-01",1980,"656556","BISH",,"Cuddihy","Bishop Museum","562"
"5956244224","Clermontia parviflora","Campanulaceae","Davis, J.","410","1980-10-22",1980,"656617","BISH",,"Davis","Bishop Museum","410"
"5956560132","Buddleja asiatica","Scrophulariaceae","Cuddihy, L.W.; State ESP team","118","1980-01-08",1980,"656651","BISH",,"Cuddihy","Bishop Museum","118"
"5956286645","Modiola caroliniana","Malvaceae","Cuddihy, L.W.; Anderson, S.","556","1980-06-19",1980,"656686","BISH",,"Cuddihy","Bishop Museum","556"
"5956679059","Cocculus orbiculatus","Menispermaceae","Cuddihy, L.W.","580","1980-09-24",1980,"656702","BISH",,"Cuddihy","Bishop Museum","580"
"5956472582","Psidium cattleianum","Myrtaceae","Davis, J.","413","1980-10-23",1980,"656757","BISH",,"Davis","Bishop Museum","413"
"5956592963","Psidium guajava","Myrtaceae","Kubo, R.","ESP 059","1980-05-20",1980,"656758","BISH",,"Kubo","Bishop Museum","esp059"
"5956447797","Peperomia leptostachya","Piperaceae","Cuddihy, L.W.; State ESP team","157","1980-01-29",1980,"656820","BISH",,"Cuddihy","Bishop Museum","157"
"5956479432","Persicaria punctata","Polygonaceae","Cuddihy, L.W.","549","1980-08-19",1980,"656858","BISH",,"Cuddihy","Bishop Museum","549"
"5956567564","Rumex acetosella","Polygonaceae","Davis, J.; State ESP team","192","1980-01-08",1980,"656862","BISH",,"Davis","Bishop Museum","192"
"5956603283","Eriocapitella hupehensis","Ranunculaceae","Cuddihy, L.W.","544","1980-08-19",1980,"656875","BISH",,"Cuddihy","Bishop Museum","544"
"5956400651","Fragaria vesca","Rosaceae","Cuddihy, L.W.; State ESP team","52","1979-12-18",1979,"656881","BISH",,"Cuddihy","Bishop Museum","52"
"5956394604","Pyracantha koidzumii","Rosaceae","Cuddihy, L.W.; State ESP team","82","1979-12-20",1979,"656889","BISH",,"Cuddihy","Bishop Museum","82"
"5956652499","Rubus ellipticus","Rosaceae","Davis, J.","347","1980-08-19",1980,"656903","BISH",,"Davis","Bishop Museum","347"
"5956513661","Coprosma rhynchocarpa","Rubiaceae","Cuddihy, L.W.","599","1980-10-01",1980,"656924","BISH",,"Cuddihy","Bishop Museum","599"
"5956490622","Coprosma rhynchocarpa","Rubiaceae","Cuddihy, L.W.; State ESP team","109","1980-01-08",1980,"656927","BISH",,"Cuddihy","Bishop Museum","109"
"5956491802","Kadua centranthoides","Rubiaceae","Cuddihy, L.W.","554","1980-08-19",1980,"656952","BISH",,"Cuddihy","Bishop Museum","554"
"5956572100","Ludwigia palustris","Onagraceae","Cuddihy, L.W.","561","1980-09-12",1980,"656953","BISH",,"Cuddihy","Bishop Museum","561"
"5956434880","Dodonaea viscosa","Sapindaceae","Cuddihy, L.W.","572","1980-09-24",1980,"656986","BISH",,"Cuddihy","Bishop Museum","572"
"5956294988","Melicope pseudoanisata","Rutaceae","Cuddihy, L.W.","542","1980-08-19",1980,"657003","BISH",,"Cuddihy","Bishop Museum","542"
"5956244227","Melicope pseudoanisata","Rutaceae","Cuddihy, L.W.","543","1980-08-19",1980,"657005","BISH",,"Cuddihy","Bishop Museum","543"
"5956340622","Melicope pseudoanisata","Rutaceae","Cuddihy, L.W.; Kubo, R.; Yoshida, L.","ESP 126","1979-09-20",1979,"657006","BISH",,"Cuddihy","Bishop Museum","esp126"
"5956178224","Melicope pseudoanisata","Rutaceae","Anderson, S.J.","404","1980-09-24",1980,"657007","BISH",,"Anderson","Bishop Museum","404"
"5956356343","Melicope pseudoanisata","Rutaceae","Cuddihy, L.W.","579","1980-09-24",1980,"657008","BISH",,"Cuddihy","Bishop Museum","579"
"5956399821","Melicope pseudoanisata","Rutaceae","Cuddihy, L.W.","596","1980-11-01",1980,"657009","BISH",,"Cuddihy","Bishop Museum","596"
"5956449385","Nuttallanthus texanus","Plantaginaceae","Clarke, G.","472","1980-07-22",1980,"657044","BISH",,"Clarke","Bishop Museum","472"
"5956572101","Physalis peruviana","Solanaceae","Cuddihy, L.W.; State ESP team","ESP 117","1980-01-08",1980,"657072","BISH",,"Cuddihy","Bishop Museum","esp117"
"5956553813","Wikstroemia sandwicensis","Thymelaeaceae","Davis, J.; State ESP team","187","1980-01-08",1980,"657084","BISH",,"Davis","Bishop Museum","187"
"5956557150","Wikstroemia sandwicensis","Thymelaeaceae","Davis, J.; State ESP team","187","1980-01-08",1980,"657086","BISH",,"Davis","Bishop Museum","187"
"5956204511","Pipturus albidus","Urticaceae","Davis, J.; State ESP team","190","1980-01-08",1980,"657113","BISH",,"Davis","Bishop Museum","190"
"5956432110","Stachytarpheta cayennensis","Verbenaceae","Cuddihy, L.W.","609","1980-10-01",1980,"657125","BISH",,"Cuddihy","Bishop Museum","609"
"5956543222","Stachytarpheta cayennensis","Verbenaceae","Cuddihy, L.W.; State ESP team","119","1980-01-08",1980,"657127","BISH",,"Cuddihy","Bishop Museum","119"
"5956160449","Cyanea floribunda","Campanulaceae","Clarke, G.","290","1980-02-07",1980,"657771","BISH",,"Clarke","Bishop Museum","290"
"5956238477","Cynoglossum amabile","Boraginaceae","Davis, J.; State ESP team","225","1980-02-07",1980,"667241","BISH",,"Davis","Bishop Museum","225"
"5956255172","Ageratina riparia","Asteraceae","Cuddihy, L.W.; State ESP team","139","1980-01-23",1980,"667287","BISH",,"Cuddihy","Bishop Museum","139"
"5956338390","Youngia japonica","Asteraceae","Cuddihy, L.W.; State ESP team","116","1980-01-08",1980,"667407","BISH",,"Cuddihy","Bishop Museum","116"
"5956184278","Castanea dentata","Fagaceae","Cuddihy, L.W.; Davis, J.; Anderson, S.","612","1980-10-01",1980,"667524","BISH",,"Cuddihy","Bishop Museum","612"
"5956347969","Juglans regia","Juglandaceae","Anderson, S.J.; Cuddihy, L.W.; Davis, J.","407","1980-10-01",1980,"667565","BISH",,"Anderson","Bishop Museum","407"
"5956495022","Stenogyne scrophularioides","Lamiaceae","Davis, J.","404","1980-10-08",1980,"667590","BISH",,"Davis","Bishop Museum","404"
"5956553862","Stenogyne calaminthoides","Lamiaceae","Davis, J.; State ESP team","227","1980-02-07",1980,"667595","BISH",,"Davis","Bishop Museum","227"
"5956565299","Stenogyne rugosa","Lamiaceae","Cuddihy, L.W.","569","1980-09-24",1980,"667608","BISH",,"Cuddihy","Bishop Museum","569"
"5956242005","Corylus cornuta","Betulaceae","Cuddihy, L.W.; Davis, J.; Anderson, S.","611","1980-10-01",1980,"668168","BISH",,"Cuddihy","Bishop Museum","611"
"5956490673","Alyxia stellata","Apocynaceae","Davis, J.; State ESP team","185","1980-01-08",1980,"668206","BISH",,"Davis","Bishop Museum","185"
"5956509318","Ilex anomala","Aquifoliaceae","Cuddihy, L.W.; State ESP team","89","1980-01-04",1980,"668214","BISH",,"Cuddihy","Bishop Museum","89"
"5956263971","Mimosa pudica","Fabaceae","Cuddihy, L.W.","562","1980-01-01",1980,"770190","BISH",,"Cuddihy","Bishop Museum","562"
"5956316635","Trifolium repens","Fabaceae","Cuddihy, L.W.; State ESP team","101","1980-01-08",1980,"770233","BISH",,"Cuddihy","Bishop Museum","101"
"5956606323","Clermontia hawaiiensis","Campanulaceae","Davis, J.","346","1980-08-19",1980,"770247","BISH",,"Davis","Bishop Museum","346"
"5956317250","Buddleja asiatica","Scrophulariaceae","Cuddihy, L.W.; State ESP team","118","1980-01-08",1980,"770262","BISH",,"Cuddihy","Bishop Museum","118"
"5956234589","Cuphea carthagenensis","Lythraceae","Cuddihy, L.W.","460","1980-05-20",1980,"770273","BISH",,"Cuddihy","Bishop Museum","460"
"5956165561","Modiola caroliniana","Malvaceae","Clarke, G.; Cuddihy, L.W.; Kubo, R.; Yoshida, L.","ESP 128","1979-09-20",1979,"770290","BISH",,"Clarke","Bishop Museum","esp128"
"5956411532","Cocculus orbiculatus","Menispermaceae","Cuddihy, L.W.; State ESP team","175","1980-01-31",1980,"770325","BISH",,"Cuddihy","Bishop Museum","175"
"5956593827","Psidium guajava","Myrtaceae","Kubo, R.","59","1980-05-20",1980,"770375","BISH",,"Kubo","Bishop Museum","59"
"5956544473","Rumex acetosella","Polygonaceae","Davis, J.; State ESP team","191","1980-01-08",1980,"770497","BISH",,"Davis","Bishop Museum","191"
"5956554270","Pyracantha koidzumii","Rosaceae","Cuddihy, L.W.; State EPS team","82","1979-12-20",1979,"770507","BISH",,"Cuddihy","Bishop Museum","82"
"5956619100","Fragaria vesca","Rosaceae","Cuddihy, L.W.; State ESP team","51","1979-12-18",1979,"770510","BISH",,"Cuddihy","Bishop Museum","51"
"5956651705","Physalis peruviana","Solanaceae","Davis, J.; State ESP team","186","1980-01-08",1980,"770675","BISH",,"Davis","Bishop Museum","186"
"5956161272","Pipturus albidus","Urticaceae","Cuddihy, L.W.; State ESP team","188","1980-02-07",1980,"770717","BISH",,"Cuddihy","Bishop Museum","188"
"5956634583","Stachytarpheta cayennensis","Verbenaceae","Cuddihy, L.W.; State ESP team","119","1980-01-08",1980,"770735","BISH",,"Cuddihy","Bishop Museum","119"
"1091136102","Dodonaea viscosa","Sapindaceae","Bill Sykes",,"1989-03-28",1989,"CHR 464459","CHR","CHR","Sykes","CHR",
"1091279536","Pipturus albidus","Urticaceae","Bill Sykes",,"1989-03-28",1989,"CHR 464460 A","CHR","CHR","Sykes","CHR",
"1091221433","Pipturus albidus","Urticaceae","Bill Sykes",,"1989-03-28",1989,"CHR 464460 B","CHR","CHR","Sykes","CHR",
"1091096693",,"Pittosporaceae","Bill Sykes",,"1989-03-28",1989,"CHR 464461","CHR","CHR","Sykes","CHR",
"1091192079",,"Amaranthaceae","Bill Sykes",,"1989-03-28",1989,"CHR 464462","CHR","CHR","Sykes","CHR",
"1091324498","Nestegis sandwicensis","Oleaceae","Bill Sykes",,"1989-03-28",1989,"CHR 464463","CHR","CHR","Sykes","CHR",
"1091269634","Alphitonia ponderosa","Rhamnaceae","Bill Sykes",,"1989-03-28",1989,"CHR 464467 A","CHR","CHR","Sykes","CHR",
"5069611313","Alphitonia ponderosa","Rhamnaceae","Bill Sykes",,"1989-03-28",1989,"CHR 464467 B","CHR","CHR","Sykes","CHR",
"2242404039","Sophora chrysophylla","Fabaceae","Otto Degener","10934","1929-07-09",1929,"KHD00009805","DBG","KHD","Degener","DBG","10934"
"5912076773","Myoporum sandwicense","Scrophulariaceae","Cliff Morden; Lahela Camara","2618","2024-07-19",2024,"HAW55138","HAW",,"Morden","HAW","2618"
"5070652840","Sapindus saponaria","Sapindaceae","Otto Degener; Isa Degener","34434","1977-09-18",1977,"IND-0079456","IND",,"Degener","IND","34434"
"5070648998","Sapindus saponaria","Sapindaceae","Otto Degener; Isa Degener","34434","1977-09-18",1977,"IND-0079457","IND",,"Degener","IND","34434"
"5070652823","Dodonaea viscosa","Sapindaceae","Otto Degener","31115","1967-01-29",1967,"IND-0080229","IND",,"Degener","IND","31115"
"5130152569","Stenogyne rotundifolia","Lamiaceae","Bulmer, C.","269","1975-03-01T00:00",1975,"K001196440","K","Herbarium","Bulmer","K","269"
"694640788","Sapindus saponaria","Sapindaceae","Forbes, C.N.",,"1915-07-01",1915,"P05188070","MNHN","P","Forbes","MNHN",
"6289241534","Ceodes brunoniana","Nyctaginaceae","Professor Grady Webster Junior|Professor Robert Wilbur","1790","1948-06-18",1948,"SP059017","NMNZ","WELT","Wilbur","NMNZ","1790"
"4520863137","Coprosma menziesii","Rubiaceae","John Dawson",,"1997-12-03",1997,"SP102253","NMNZ","WELT","Dawson","NMNZ",
"4520871324",,"Rubiaceae","John Dawson",,"1997-12-03",1997,"SP102255","NMNZ","WELT","Dawson","NMNZ",
"4520736118","Metrosideros polymorpha","Myrtaceae","John Dawson",,"1997-12-03",1997,"SP110323","NMNZ","WELT","Dawson","NMNZ",
"4520736929","Metrosideros polymorpha","Myrtaceae","John Dawson",,"1997-12-03",1997,"SP110324","NMNZ","WELT","Dawson","NMNZ",
"4520850291","Metrosideros polymorpha","Myrtaceae","John Dawson",,"1997-12-03",1997,"SP110343","NMNZ","WELT","Dawson","NMNZ",
"5906963611","Perrottetia sandwicensis","Dipentodontaceae","Professor Grady Webster Junior|Professor Robert Wilbur","GLW 1788","1948-06-18",1948,"SP125738","NMNZ","WELT","Wilbur","NMNZ","glw1788"
"5938780333",,"Scrophulariaceae","Otto Degener|Isa (Irmgard) Degener","31956 b","1969-06-09",1969,"SP126392","NMNZ","WELT","Degener","NMNZ","31956b"
"5938779477","Myrsine lessertiana","Primulaceae","Joseph Rock",,"1948-06-18",1948,"SP127110","NMNZ","WELT","Rock","NMNZ",
"6289255475","Psychotria hawaiiensis","Rubiaceae","Joseph Rock","8779","1911-04",1911,"SP127827","NMNZ","WELT","Rock","NMNZ","8779"
"6289242444","Psychotria hawaiiensis","Rubiaceae","Joseph Rock","8779 A","1915-08",1915,"SP127829","NMNZ","WELT","Rock","NMNZ","8779a"
"1928567891","Solanum pseudocapsicum","Solanaceae","O. Degener","7374",,,"00828244","NY","NY","Degener","NY","7374"
"1929169526","Peperomia cookiana","Piperaceae","K. H. Thorne","7201","1989-08-10",1989,"179994","NY","NY","Thorne","NY","7201"
"1927879332","Peperomia cookiana","Piperaceae","T. G. Yuncker","3473","1933-03-09",1933,"180019","NY","NY","Yuncker","NY","3473"
"1930051621","Peperomia cookiana","Piperaceae","T. G. Yuncker","3473","1933-03-09",1933,"180020","NY","NY","Yuncker","NY","3473"
"1928075593","Achillea millefolium","Asteraceae","O. Degener","18325","1929-12-07",1929,"216597","NY","NY","Degener","NY","18325"
"1930638740","Hibiscadelphus giffardianus","Malvaceae","O. Degener","3909","1930-04-15",1930,"221720","NY","NY","Degener","NY","3909"
"1929392173","Hibiscadelphus giffardianus","Malvaceae","J. K. Baker","s.n.","1975-10-14",1975,"37506","NY","NY","Baker","NY","sn"
"1930408787","Hibiscadelphus giffardianus","Malvaceae","J. K. Baker","s.n.","1975-10-14",1975,"37507","NY","NY","Baker","NY","sn"
"1928881444","Hibiscadelphus giffardianus","Malvaceae","J. K. Baker","s.n.","1975-12-08",1975,"37508","NY","NY","Baker","NY","sn"
"1930529648","Hibiscadelphus hualalaiensis","Malvaceae","J. K. Baker","s.n.","1975-12-03",1975,"37518","NY","NY","Baker","NY","sn"
"1930346350","Hibiscadelphus hualalaiensis","Malvaceae","J. K. Baker","s.n.","1975-11-24",1975,"37519","NY","NY","Baker","NY","sn"
"1928617827","Hibiscadelphus hualalaiensis","Malvaceae","J. K. Baker","s.n.","1975-12-06",1975,"37520","NY","NY","Baker","NY","sn"
"2382928419","Peperomia cookiana","Piperaceae","O. Degener","3897","1930-04-15",1930,"4125903","NY","NY","Degener","NY","3897"
"2382919373","Peperomia cookiana","Piperaceae","O. Degener","3897","1930-04-15",1930,"4125904","NY","NY","Degener","NY","3897"
"2382927835","Peperomia cookiana","Piperaceae","H. Wiebke","3789","1929-07-09",1929,"4125908","NY","NY","Wiebke","NY","3789"
"2382913489","Peperomia tetraphylla","Piperaceae","O. Degener","3899","1930-04-15",1930,"4127450","NY","NY","Degener","NY","3899"
"2562918050","Alyxia stellata","Apocynaceae","O. Degener","3915","1930-04-15",1930,"4160540","NY","NY","Degener","NY","3915"
"2854375746","Acacia koa","Fabaceae","Maslin, B.R.","5578","1984-06-23",1984,"PERTH 1529846","PERTH","PERTH","Maslin","PERTH","5578"
"2854435885","Acacia koa","Fabaceae","Maslin, B.R.","5577","1984-06-23",1984,"PERTH 1529854","PERTH","PERTH","Maslin","PERTH","5577"
"2854356452","Acacia koa","Fabaceae","Maslin, B.R.","5577","1984-06-23",1984,"PERTH 1529862","PERTH","PERTH","Maslin","PERTH","5577"
"2854334017","Acacia koa","Fabaceae","Maslin, B.R.","5576","1984-06-23",1984,"PERTH 1529870","PERTH","PERTH","Maslin","PERTH","5576"
"2610081066","Geranium carolinianum","Geraniaceae","Francis R. Fosberg","53688",,,"RSA0148324","RSA","RSA","Fosberg","RSA","53688"
"3949998486","Charpentiera obovata","Amaranthaceae","Sherwin Carlquist","2057","1966-07-24",1966,"RSA0445765","RSA","VascularPlants","Carlquist","RSA","2057"
"3968555430","Myrsine lessertiana","Primulaceae","Sherwin Carlquist","2406","1967-03-16",1967,"RSA0460761","RSA","VascularPlants","Carlquist","RSA","2406"
"3968554907","Ceodes umbellifera","Nyctaginaceae","Sherwin Carlquist","2056","1966-07-24",1966,"RSA0468092","RSA","VascularPlants","Carlquist","RSA","2056"
"4010615009","Sophora chrysophylla","Fabaceae","Sherwin Carlquist","2410","1967-03-16",1967,"RSA0483546","RSA","VascularPlants","Carlquist","RSA","2410"
"1322680531","Wikstroemia sandwicensis","Thymelaeaceae","J. Davis & State ESP team","187","1980-01-08",1980,"US 3413204","US","US","Davis","US","187"
"1320620727","Pittosporum hosmeri","Pittosporaceae","G. Allan","349","1999-04-12",1999,"US 3686563","US","US","Allan","US","349"
"1322812987","Pittosporum hosmeri","Pittosporaceae","G. Allan","347","1999-04-10",1999,"US 3686565","US","US","Allan","US","347"
"4167908355","Metrosideros polymorpha","Myrtaceae","D. Percy","Hi34","2003-08-21",2003,"US 3759851","US","US","Percy","US","hi34"
"4167896353","Metrosideros polymorpha","Myrtaceae","D. Percy","Hi31","2003-08-19",2003,"US 3759852","US","US","Percy","US","hi31"
"4167896350","Metrosideros polymorpha","Myrtaceae","D. Percy","Hi35","2003-08-21",2003,"US 3759853","US","US","Percy","US","hi35"
"2237844513","Nuttallanthus canadensis","Plantaginaceae","Sandy Long","1173","2001-02-23",2001,"UTC00239556","USU","UTC","Long","USU","1173"
"2237844457","Hypochaeris radicata","Asteraceae","Sandy Long","1172","2001-02-23",2001,"UTC00239558","USU","UTC","Long","USU","1172"
"1986978733","Vaccinium reticulatum","Ericaceae","Sandy Long","1167","2001-02-23",2001,"UTC00239560","USU","UTC","Long","USU","1167"
"1830975118","Sophora chrysophylla","Fabaceae","Kiehn,M. & Kiehn,M. 020402-3","020402-3","2002-04-02",2002,"0027491","WU","Herbarium WU","Kiehn","WU","0204023"
"5004361242","Zanthoxylum dipetalum","Rutaceae","Kiehn,M. & Pratt,M.K. MK-900211-4/2","MK-900211-4/2","2009-02-11",2009,"0140891","WU","Herbarium WU","Kiehn","WU","mk90021142"
